<?xml version="1.0" encoding="utf-8"?>
<COLLADA xmlns="http://www.collada.org/2005/11/COLLADASchema" version="1.4.1" xmlns:xsi="http://www.w3.org/2001/XMLSchema-instance">
  <asset>
    <contributor>
      <author>Blender User</author>
      <authoring_tool>Blender 4.1.1 commit date:2024-04-15, commit time:15:11, hash:e1743a0317bc</authoring_tool>
    </contributor>
    <created>2025-03-18T14:21:05</created>
    <modified>2025-03-18T14:21:05</modified>
    <unit name="meter" meter="1"/>
    <up_axis>Z_UP</up_axis>
  </asset>
  <library_effects>
    <effect id="ID11_001-effect">
      <profile_COMMON>
        <technique sid="common">
          <lambert>
            <emission>
              <color sid="emission">0 0 0 1</color>
            </emission>
            <diffuse>
              <color sid="diffuse">0.03433959 0.03433985 0.03433983 1</color>
            </diffuse>
            <index_of_refraction>
              <float sid="ior">1.5</float>
            </index_of_refraction>
          </lambert>
        </technique>
      </profile_COMMON>
    </effect>
  </library_effects>
  <library_images/>
  <library_materials>
    <material id="ID11_001-material" name="ID11.001">
      <instance_effect url="#ID11_001-effect"/>
    </material>
  </library_materials>
  <library_geometries>
    <geometry id="ID5_002-mesh" name="ID5.002">
      <mesh>
        <source id="ID5_002-mesh-positions">
          <float_array id="ID5_002-mesh-positions-array" count="8058">-0.01666563 0.07806801 3.06301e-4 -0.01667231 0.07546621 -4.99859e-5 -0.01667189 0.07677966 3.95449e-5 -0.01665365 0.07931023 7.40998e-4 -0.01663643 0.08048725 0.001330018 -0.01661449 0.08158469 0.002056658 -0.01633882 0.002188742 0.00562334 -0.01655882 0.08350694 0.003849625 -0.01652616 0.08432251 0.004882514 -0.01658844 0.08259314 0.002902328 -0.01624977 4.4735e-4 0.008203089 -0.01620316 0.08734488 0.01479673 -0.01615941 0.08729964 0.01611161 -0.0163263 0.002221465 0.006003379 -0.01624912 -6.85567e-4 0.008155882 -0.01593458 -0.08722513 0.01246601 -0.01597553 -0.08702087 0.01124477 -0.01585233 -0.08738708 0.01493573 -0.01624721 -3.1244e-4 0.008235931 -0.01581132 -0.08734494 0.01617342 -0.01538878 -0.07796019 0.02946698 -0.01538318 -0.07550841 0.02978283 -0.01538336 -0.07674509 0.02970355 -0.01565277 -0.08635109 0.02101159 -0.01569122 -0.08672475 0.01983082 -0.01573055 -0.08701437 0.01862668 -0.01586806 0.08434051 0.0247153 -0.01551359 -0.08399313 0.02534633 -0.0155456 -0.08471411 0.02433896 -0.01590615 0.08505439 0.02361005 -0.01543402 -0.08131271 0.02790343 -0.01541453 -0.08025884 0.02855479 -0.01568621 0.07549118 0.02966594 -0.01583212 0.08352708 0.02574956 -0.01548403 -0.08318442 0.02628481 -0.01570343 0.07809466 0.02930349 -0.01569187 0.07680553 0.02957385 -0.01576876 0.08160728 0.02754485 -0.01574242 0.08051073 0.02827221 -0.01572048 0.07933533 0.02886337 -0.0157988 0.08261507 0.02669811 -0.01545739 -0.08228981 0.02714186 -0.01539927 -0.07913702 0.02908045 -0.01589345 -0.08734714 0.01369827 -0.01594597 0.08566921 0.02244681 -0.01624739 6.88557e-5 0.008251845 -0.01598715 0.08618611 0.02123695 -0.01602935 0.08660614 0.01999014 -0.01625311 -0.001039743 0.008013904 -0.01607227 0.08693099 0.0187152 -0.01601606 -0.08673352 0.0100404 -0.01611572 0.08716177 0.01741999 -0.016056 -0.08636188 0.008859157 -0.01625907 -0.001364886 0.007814168 -0.01626688 -0.001651585 0.007562339 -0.0160951 -0.08590507 0.007708251 -0.0162869 -0.002077996 0.006933033 -0.01613312 -0.08536177 0.006595492 -0.01627624 -0.001891553 0.007265806 -0.01629859 -0.002205431 0.006573438 -0.01624667 0.08729743 0.01348185 -0.01616972 -0.08473122 0.005529701 -0.01631093 -0.002270221 0.006197571 -0.01628983 0.08715748 0.01217371 -0.01625424 8.12154e-4 0.008091032 -0.01633232 0.08692425 0.0108788 -0.01632362 -0.002270579 0.005816161 -0.01620459 -0.08401244 0.004521191 -0.01637399 0.0865972 0.009604334 -0.01623737 -0.08320575 0.003581583 -0.0163362 -0.002206385 0.005440115 -0.01649093 0.08503866 0.005986571 -0.01631361 0.002189397 0.006383419 -0.01627838 0.001723229 0.007416486 -0.01645356 0.08565574 0.007148921 -0.01641446 0.08617472 0.008358061 -0.01638638 -0.00104314 0.003997921 -0.01636922 -0.07553339 6.69286e-5 -0.01639181 -6.89183e-4 0.003855407 -0.01635086 0.002092301 0.005254328 -0.01631861 -0.08028334 0.001308202 -0.01629489 -0.08133709 0.00195986 -0.01639652 6.50772e-5 0.003758311 -0.01639521 -3.16191e-4 0.003774762 -0.01635366 -0.07798743 3.88753e-4 -0.01633834 -0.07916277 7.80845e-4 -0.01636409 -0.07677096 1.48642e-4 -0.01626765 -0.08231276 0.002723395 -0.0163598 -0.001893699 0.004747271 -0.01637905 -0.001367926 0.004198193 -0.01637017 -0.001654207 0.00445038 -0.01636213 0.001934826 0.004906892 -0.01638078 0.001456558 0.004315912 -0.01637214 0.001720845 0.004591047 -0.0163927 8.08644e-4 0.003917813 -0.0163877 0.001149535 0.004089295 -0.01639568 4.43653e-4 0.003806471 -0.01634842 -0.002079546 0.005080461 -0.01626062 0.001152753 0.007919073 -0.01577073 -0.08722078 0.0174055 -0.01561552 -0.08589214 0.0221619 -0.01557964 -0.08534675 0.02327406 -0.01626873 0.00145936 0.007692039 -0.01628935 0.001936614 0.007100284 -0.01630115 0.002093553 0.00675261 0.01425397 -0.07547181 5.12577e-5 -0.01636409 -0.07677096 1.48642e-4 0.01425862 -0.0765838 1.2488e-4 0.01428163 -0.07873368 6.89035e-4 -0.01633834 -0.07916277 7.80845e-4 -0.01631861 -0.08028334 0.001308202 0.01426792 -0.0776757 3.39506e-4 -0.01635366 -0.07798743 3.88753e-4 -0.01626765 -0.08231276 0.002723395 0.01437228 -0.08237427 0.003204524 0.01434516 -0.08156836 0.002435445 -0.01629489 -0.08133709 0.00195986 0.01432067 -0.08069002 0.001749634 0.01429933 -0.07974249 0.001162946 -0.01620459 -0.08401244 0.004521191 -0.01616972 -0.08473122 0.005529701 0.01443284 -0.08375912 0.004946529 -0.01623737 -0.08320575 0.003581583 0.01440167 -0.08310496 0.004045248 0.01453453 -0.08526563 0.007920861 -0.0160951 -0.08590507 0.007708251 -0.016056 -0.08636188 0.008859157 0.0144996 -0.0848385 0.00689274 0.01446557 -0.08433663 0.005898654 -0.01613312 -0.08536177 0.006595492 -0.01593458 -0.08722513 0.01246601 0.01464325 -0.08610987 0.01114684 -0.01597553 -0.08702087 0.01124477 -0.01601606 -0.08673352 0.0100404 0.01460659 -0.08590024 0.01005363 0.01457029 -0.08561915 0.008976459 -0.01585233 -0.08738708 0.01493573 -0.01581132 -0.08734494 0.01617342 0.01475417 -0.08631718 0.01447582 0.0146802 -0.08624917 0.01225137 -0.01589345 -0.08734714 0.01369827 0.01471722 -0.08631825 0.01336252 0.01486307 -0.08589279 0.01778417 -0.01573055 -0.08701437 0.01862668 -0.01569122 -0.08672475 0.01983082 0.01482725 -0.08610463 0.0166912 0.01479089 -0.08624595 0.01558685 -0.01577073 -0.08722078 0.0174055 0.01496583 -0.08482515 0.0209434 0.01493257 -0.08525431 0.01991617 -0.01561552 -0.08589214 0.0221619 -0.01565277 -0.08635109 0.02101159 0.01489824 -0.08560973 0.01886093 -0.01551359 -0.08399313 0.02534633 0.01505672 -0.08308649 0.02378648 0.01502817 -0.08374214 0.02288675 -0.01557964 -0.08534675 0.02327406 -0.0155456 -0.08471411 0.02433896 0.01499778 -0.08432143 0.02193617 0.01508307 -0.08235448 0.02462536 -0.01548403 -0.08318442 0.02628481 -0.01545739 -0.08228981 0.02714186 0.01510697 -0.08154726 0.02539217 -0.01543402 -0.08131271 0.02790343 0.01512783 -0.08066755 0.02607494 0.01514542 -0.07972007 0.02666008 -0.01541453 -0.08025884 0.02855479 -0.01539927 -0.07913702 0.02908045 0.01515913 -0.07871198 0.02713352 -0.01538878 -0.07796019 0.02946698 0.0151686 -0.077654 0.0274825 -0.01538336 -0.07674509 0.02970355 0.01517355 -0.07656061 0.02769649 -0.01538318 -0.07550841 0.02978283 0.01517373 -0.07544851 0.02776825 -0.01636922 -0.07553339 6.69286e-5 -0.01538318 -0.07550841 0.02978283 0.01487064 0.07555097 0.02765136 0.01517373 -0.07544851 0.02776825 -0.01568621 0.07549118 0.02966594 0.01487064 0.07555097 0.02765136 -0.01569187 0.07680553 0.02957385 0.01486557 0.07672977 0.02756869 0.01484006 0.07900023 0.02693617 -0.01572048 0.07933533 0.02886337 -0.01574242 0.08051073 0.02827221 0.01485526 0.07788538 0.02732759 -0.01570343 0.07809466 0.02930349 -0.0157988 0.08261507 0.02669811 0.01474016 0.08277291 0.02415031 0.01476991 0.08194953 0.02499753 -0.01576876 0.08160728 0.02754485 0.01479685 0.08104306 0.02575576 -0.01586806 0.08434051 0.0247153 -0.01590615 0.08505439 0.02361005 0.01467412 0.08416259 0.02224296 -0.01583212 0.08352708 0.02574956 0.0147081 0.08351075 0.02322769 0.01456421 0.08560901 0.01901668 -0.01598715 0.08618611 0.02123695 -0.01602935 0.08660614 0.01999014 0.01460188 0.08521062 0.0201283 0.0146386 0.08472883 0.02120655 -0.01594597 0.08566921 0.02244681 -0.01615941 0.08729964 0.01611161 0.0144478 0.08631825 0.01555174 -0.01611572 0.08716177 0.01741999 -0.01607227 0.08693099 0.0187152 0.01448696 0.08616155 0.01672202 0.01452583 0.08592545 0.017879 -0.01624667 0.08729743 0.01348185 -0.01628983 0.08715748 0.01217371 0.01433044 0.08631509 0.01201498 0.01440852 0.08639627 0.01437354 -0.01620316 0.08734488 0.01479673 0.01436936 0.0863952 0.01319289 0.01421695 0.085599 0.008551955 -0.01637399 0.0865972 0.009604334 -0.01641446 0.08617472 0.008358061 0.01425403 0.08591777 0.009688794 0.01429194 0.08615612 0.01084518 -0.01633232 0.08692425 0.0108788 0.01411288 0.08414667 0.005329191 0.01414608 0.08471488 0.006364166 -0.01649093 0.08503866 0.005986571 -0.01645356 0.08565574 0.007148921 0.01418089 0.08519858 0.007441282 0.01405245 0.08275347 0.00342518 0.01408153 0.08349305 0.004345715 -0.01655882 0.08350694 0.003849625 -0.01652616 0.08432251 0.004882514 -0.01658844 0.08259314 0.002902328 0.01402604 0.08192855 0.002580225 -0.01661449 0.08158469 0.002056658 0.01400279 0.08102077 0.001824796 0.01398313 0.08003479 0.001174569 -0.01663643 0.08048725 0.001330018 -0.01665365 0.07931023 7.40998e-4 0.01396769 0.07897835 6.46178e-4 -0.01666563 0.07806801 3.06301e-4 0.01395696 0.07786351 2.55356e-4 0.01395124 0.07670664 1.50846e-5 -0.01667189 0.07677966 3.95449e-5 -0.01667231 0.07546621 -4.99859e-5 0.01395094 0.07552766 -6.56582e-5 0.01482045 0.08005732 0.02640765 -0.01568621 0.07549118 0.02966594 0.01515913 -0.07871198 0.02713352 0.0151686 -0.077654 0.0274825 0.01516479 -0.07837605 0.02729398 0.01443284 -0.08375912 0.004946529 0.01440292 -0.08314895 0.004051029 0.01440167 -0.08310496 0.004045248 0.01512265 -0.08100914 0.02586728 0.01510697 -0.08154726 0.02539217 0.01512783 -0.08066755 0.02607494 0.0151472 -0.07974624 0.02668243 0.01514542 -0.07972007 0.02666008 0.01505672 -0.08308649 0.02378648 0.01508307 -0.08235448 0.02462536 0.01505696 -0.08314818 0.02376037 0.01509225 -0.08214628 0.02488279 0.01474016 0.08277291 0.02415031 0.0147081 0.08351075 0.02322769 0.01472121 0.08328443 0.02357959 0.01493257 -0.08525431 0.01991617 0.01493054 -0.08532339 0.01982027 0.01489824 -0.08560973 0.01886093 0.01468598 -0.08629298 0.01239269 0.0146802 -0.08624917 0.01225137 0.01471722 -0.08631825 0.01336252 0.01453769 -0.08532166 0.007982671 0.01457029 -0.08561915 0.008976459 0.01458632 -0.08577656 0.009420514 0.01444536 -0.08400863 0.00527811 0.01396769 0.07897835 6.46178e-4 0.01397913 0.07980793 0.001010656 0.01398313 0.08003479 0.001174569 0.01406854 0.08319967 0.003907263 0.01408153 0.08349305 0.004345715 0.01405245 0.08275347 0.00342518 0.01400345 0.08106541 0.00181818 0.01400279 0.08102077 0.001824796 0.01432919 -0.08102291 0.00195682 0.01432067 -0.08069002 0.001749634 0.01434516 -0.08156836 0.002435445 0.01425296 -0.07547199 2.00756e-5 0.01425397 -0.07547181 5.12577e-5 0.01425862 -0.0765838 1.2488e-4 0.01426118 -0.07695066 1.49019e-4 0.01428163 -0.07873368 6.89035e-4 0.01429933 -0.07974249 0.001162946 0.01429975 -0.07976794 0.001143813 0.01427668 -0.07839983 5.3053e-4 0.01402604 0.08192855 0.002580225 0.01403361 0.08219927 0.002793967 0.01394987 0.0755276 -9.68408e-5 0.01446557 -0.08433663 0.005898654 0.01396179 0.07844775 4.0599e-4 0.01395696 0.07786351 2.55356e-4 0.01453453 -0.08526563 0.007920861 0.01449054 -0.08473283 0.006596148 0.0144996 -0.0848385 0.00689274 0.01460659 -0.08590024 0.01005363 0.01463586 -0.0860995 0.01089435 0.01464325 -0.08610987 0.01114684 0.01473617 -0.08635759 0.01390171 0.01475417 -0.08631718 0.01447582 0.0144478 0.08631825 0.01555174 0.01443761 0.08637958 0.01521778 0.01448762 0.08619457 0.01671427 0.01479089 -0.08624595 0.01558685 0.01478612 -0.08629322 0.01541066 0.01488369 -0.08577764 0.01838243 0.01486307 -0.08589279 0.01778417 0.01483547 -0.08610016 0.01690876 0.01482725 -0.08610463 0.0166912 0.01502817 -0.08374214 0.02288675 0.01501774 -0.08401113 0.02252697 0.01499778 -0.08432143 0.02193617 0.01497536 -0.08473545 0.02120715 0.01496583 -0.08482515 0.0209434 0.01517373 -0.07544851 0.02776825 0.01487064 0.07555097 0.02765136 0.01517474 -0.07544863 0.02779942 0.01482045 0.08005732 0.02640765 0.01482611 0.07988482 0.02653789 0.01484006 0.07900023 0.02693617 0.01484948 0.07851094 0.02716058 0.01486557 0.07672977 0.02756869 0.01487171 0.07555097 0.02768254 0.01437228 -0.08237427 0.003204524 0.01436394 -0.08215272 0.002936065 0.01426887 -0.07767003 3.38371e-4 0.01426899 -0.07768142 3.41378e-4 0.01426792 -0.0776757 3.39506e-4 0.01395094 0.07552766 -6.56582e-5 0.01411288 0.08414667 0.005329191 0.01410746 0.08406281 0.005131423 0.01414608 0.08471488 0.006364166 0.01414954 0.08478873 0.006442546 0.01418089 0.08519858 0.007441282 0.01421695 0.085599 0.008551955 0.01419413 0.08537966 0.007820487 0.01425403 0.08591777 0.009688794 0.01424068 0.08583807 0.00925076 0.01429194 0.08615612 0.01084518 0.01428866 0.08616578 0.01071768 0.01433044 0.08631509 0.01201498 0.01433777 0.08636516 0.01220965 0.01436936 0.0863952 0.01319289 0.01438754 0.08643645 0.01371288 0.01440852 0.08639627 0.01437354 0.01448696 0.08616155 0.01672202 0.01452583 0.08592545 0.017879 0.01453709 0.08588081 0.01818645 0.01456421 0.08560901 0.01901668 0.01458567 0.08543556 0.01962405 0.01460188 0.08521062 0.0201283 0.0146386 0.08472883 0.02120655 0.01463294 0.08485639 0.02101355 0.01467412 0.08416259 0.02224296 0.01467829 0.08414071 0.02233827 0.01517355 -0.07656061 0.02769649 0.0151745 -0.07692593 0.027673 0.01476991 0.08194953 0.02499753 0.01476079 0.08228617 0.02471244 0.01485627 0.07788449 0.02732777 0.01486527 0.07705509 0.02754908 0.01485627 0.07788598 0.02732741 0.01485526 0.07788538 0.02732759 0.01479685 0.08104306 0.02575576 0.01479607 0.08115035 0.02570897 0.01395124 0.07670664 1.50846e-5 0.01395213 0.07700282 2.91141e-5 0.01497763 0.07553046 9.34639e-4 0.01498723 0.07809615 0.001377105 0.01497876 0.07682389 0.001045167 0.01591968 -0.05424338 0.02157449 0.01568609 0.05370497 0.02097928 0.01588159 -0.05302202 0.02049845 0.01500266 0.07930243 0.001913547 0.01508361 0.08236771 0.00453633 0.01505172 0.08145463 0.00352019 0.01512426 0.06284469 0.004595637 0.01511943 0.08316135 0.005662322 0.01520013 0.06696653 0.007127523 0.01515841 0.08383369 0.006876528 0.01516693 0.06574332 0.006053388 0.01514136 0.06435608 0.00520122 0.01538693 -0.06354522 0.004964709 0.01536804 -0.06198877 0.004486978 0.01537907 -0.081402 0.003660082 0.01524007 0.06799048 0.00839293 0.01528567 0.06878578 0.00981307 0.01524335 0.08481198 0.009495735 0.0155394 -0.08432042 0.008317768 0.01549017 -0.06743252 0.007842957 0.01549547 -0.0837723 0.00702697 0.01546466 0.03076523 0.01293766 0.01539951 0.05057805 0.01215779 0.01546037 0.03060734 0.01279908 0.01567888 0.06575626 0.02148157 0.01570993 0.06437051 0.02233588 0.01569265 0.08244574 0.02289319 0.01553535 0.03002983 0.01502341 0.01553606 0.0298199 0.01503258 0.0155586 0.05099242 0.01697528 0.01586407 -0.08474642 0.01807606 0.0157994 -0.06900727 0.0170682 0.01581883 -0.08504873 0.01669442 0.01574796 -0.0694189 0.01549369 0.01577246 -0.08523011 0.01528728 0.01613187 -0.07544755 0.0267021 0.01574963 0.05802673 0.02315282 0.01598852 -0.05873095 0.02338087 0.01589018 -0.06742238 0.01989823 0.01584726 -0.06833529 0.01855057 0.01590782 -0.08432197 0.0194199 0.0159496 -0.08377456 0.02071112 0.01592689 -0.06629472 0.0210722 0.01612222 -0.07801961 0.02625745 0.0161066 -0.07923489 0.02571475 0.0159564 -0.06498479 0.02203887 0.01598882 -0.08310377 0.02193373 0.01602488 -0.08231002 0.02306842 0.01599049 -0.06197297 0.02324575 0.01597779 -0.06353026 0.02277046 0.01605707 -0.08139532 0.02409327 0.01582884 0.07555174 0.02658516 0.01575326 0.05964195 0.02335828 0.01578766 0.07937139 0.02557349 0.01576077 0.08050549 0.02483034 0.01574772 0.06126868 0.02328795 0.0158084 0.07815289 0.0261259 0.01582235 0.07687073 0.02646815 0.01613074 -0.07674276 0.02659124 0.01568299 -0.05039221 0.01467108 0.01573675 -0.05066603 0.01627522 0.01552265 0.02890801 0.01457393 0.01564937 0.05257731 0.01980531 0.01569443 -0.06955832 0.01387226 0.01551091 0.02870351 0.01420867 0.0155043 0.02865034 0.01400554 0.01561111 0.08389657 0.02052354 0.01556712 0.08443593 0.01922947 0.01559668 0.06799954 0.01913851 0.01572549 -0.08529061 0.01386898 0.01567834 -0.08522993 0.01245063 0.01558482 -0.08474546 0.009661555 0.01553672 -0.06834316 0.009192049 0.01563125 -0.08504819 0.01104325 0.01564037 -0.06942158 0.01225066 0.01558727 -0.06901264 0.01067543 0.01538813 0.06960612 0.01295077 0.01544213 0.06960749 0.01457822 0.01538127 0.08537352 0.01368504 0.01545363 0.05044132 0.0137794 0.01547569 0.03100007 0.01328432 0.01548212 0.03107023 0.01348233 0.01544892 -0.06630682 0.006667256 0.01545363 -0.08310151 0.005806326 0.01528841 0.08511924 0.01087093 0.0153355 0.06932955 0.01134711 0.01533454 0.0853064 0.01227217 0.01541417 -0.0649985 0.005698561 0.01541459 -0.08231103 0.004677653 0.015441 -0.05303317 0.007220447 0.01520806 0.05369287 0.006574332 0.01540774 -0.05425637 0.006146311 0.01532119 -0.07925486 0.002044796 0.01534759 -0.08037889 0.002773165 0.01535791 -0.06037384 0.004279077 0.01535695 -0.05874699 0.004346847 0.01528072 -0.07546913 0.001051545 0.01528704 -0.07676559 0.001164674 0.01530075 -0.07804155 0.001500666 0.01564073 0.06697767 0.02040553 0.01565319 0.08323335 0.02175098 0.01554793 0.0687924 0.01771718 0.0155217 0.08485203 0.01788568 0.01597398 -0.05713957 0.02303683 0.01573693 0.05646938 0.02267754 0.01595079 -0.05562919 0.02242881 0.01560646 0.05166435 0.01845765 0.01572877 0.08153444 0.0239275 0.01573312 0.06286013 0.02294391 0.01551711 0.02879029 0.0144 0.01608461 -0.08036631 0.02498435 0.01599413 -0.06035768 0.0234512 0.01549738 0.0286324 0.01379626 0.01547533 0.08514618 0.01650542 0.01549595 0.06933361 0.0161823 0.01519984 0.08438366 0.00815916 0.01517331 0.05500113 0.005605638 0.01514613 0.05645442 0.004871845 0.01538223 -0.05564355 0.005294144 0.01536512 -0.05715495 0.00468856 0.01511609 0.06125271 0.004253923 0.0154283 0.08531999 0.0150994 0.01545768 0.02940851 0.01264661 0.01545524 0.02960938 0.01258486 0.01552647 -0.05121392 0.009905993 0.01571553 0.0550149 0.02194595 0.01512718 0.05801093 0.004394054 0.01502442 0.08042883 0.002636969 0.01511704 0.05962586 0.004186153 0.01545381 0.03002774 0.01256686 0.01534646 0.05098706 0.0105825 0.01545393 0.02981781 0.01255816 0.01546984 0.03089737 0.01310098 0.01545709 0.03042834 0.01268911 0.01545488 0.03023326 0.01261097 0.01548093 -0.05200922 0.008485853 0.01549589 0.03110605 0.01389926 0.01550287 0.0310707 0.01410639 0.01550716 0.05058079 0.01540076 0.01562899 -0.05039358 0.0130437 0.01552736 0.02905368 0.0147255 0.01552152 0.03076672 0.01465147 0.01552647 0.03060901 0.01479029 0.01553398 0.02941042 0.01494461 0.01553118 0.02922266 0.01485025 0.01553046 0.03043019 0.01490056 0.01553344 0.03023529 0.01497906 0.01578879 -0.05120724 0.0178101 0.01553559 0.0296114 0.01500606 0.01583749 -0.05200016 0.01923143 0.01551586 0.03089857 0.01448792 0.01550954 0.03100091 0.01430445 0.01548892 0.03110587 0.01368933 0.0155763 -0.05067008 0.01143997 0.01529592 0.05165648 0.009099125 0.01524931 0.05256718 0.007750034 0.01546567 0.02905207 0.01286637 0.0154612 0.02922087 0.01274126 0.01547104 0.0289067 0.01301807 0.01548355 0.02870285 0.01338362 0.01547706 0.02878928 0.01319217 0.01549041 0.02864998 0.01358699 0.01425296 -0.07547199 2.00756e-5 0.01528704 -0.07676559 0.001164674 0.01528072 -0.07546913 0.001051545 0.01444536 -0.08400863 0.00527811 0.01449054 -0.08473283 0.006596148 0.01549547 -0.0837723 0.00702697 0.01427668 -0.07839983 5.3053e-4 0.01530075 -0.07804155 0.001500666 0.01426118 -0.07695066 1.49019e-4 0.01436394 -0.08215272 0.002936065 0.01537907 -0.081402 0.003660082 0.01432919 -0.08102291 0.00195682 0.01429975 -0.07976794 0.001143813 0.01534759 -0.08037889 0.002773165 0.01532119 -0.07925486 0.002044796 0.01453769 -0.08532166 0.007982671 0.01558482 -0.08474546 0.009661555 0.0155394 -0.08432042 0.008317768 0.01541459 -0.08231103 0.004677653 0.01440292 -0.08314895 0.004051029 0.01545363 -0.08310151 0.005806326 0.01468598 -0.08629298 0.01239269 0.01572549 -0.08529061 0.01386898 0.01567834 -0.08522993 0.01245063 0.01458632 -0.08577656 0.009420514 0.01463586 -0.0860995 0.01089435 0.01563125 -0.08504819 0.01104325 0.01581883 -0.08504873 0.01669442 0.01483547 -0.08610016 0.01690876 0.01586407 -0.08474642 0.01807606 0.01577246 -0.08523011 0.01528728 0.01473617 -0.08635759 0.01390171 0.01478612 -0.08629322 0.01541066 0.01598882 -0.08310377 0.02193373 0.0159496 -0.08377456 0.02071112 0.01497536 -0.08473545 0.02120715 0.01493054 -0.08532339 0.01982027 0.01590782 -0.08432197 0.0194199 0.01488369 -0.08577764 0.01838243 0.01605707 -0.08139532 0.02409327 0.01602488 -0.08231002 0.02306842 0.01505696 -0.08314818 0.02376037 0.01501774 -0.08401113 0.02252697 0.01509225 -0.08214628 0.02488279 0.01608461 -0.08036631 0.02498435 0.01512265 -0.08100914 0.02586728 0.0161066 -0.07923489 0.02571475 0.01612222 -0.07801961 0.02625745 0.0151472 -0.07974624 0.02668243 0.01516479 -0.07837605 0.02729398 0.01613074 -0.07674276 0.02659124 0.0151745 -0.07692593 0.027673 0.01613187 -0.07544755 0.0267021 0.01517474 -0.07544863 0.02779942 0.01517474 -0.07544863 0.02779942 0.01582884 0.07555174 0.02658516 0.01613187 -0.07544755 0.0267021 0.01487171 0.07555097 0.02768254 0.01487171 0.07555097 0.02768254 0.01582235 0.07687073 0.02646815 0.01582884 0.07555174 0.02658516 0.01467829 0.08414071 0.02233827 0.01463294 0.08485639 0.02101355 0.01561111 0.08389657 0.02052354 0.01484948 0.07851094 0.02716058 0.0158084 0.07815289 0.0261259 0.01486527 0.07705509 0.02754908 0.01476079 0.08228617 0.02471244 0.01572877 0.08153444 0.0239275 0.01479607 0.08115035 0.02570897 0.01482611 0.07988482 0.02653789 0.01576077 0.08050549 0.02483034 0.01578766 0.07937139 0.02557349 0.01458567 0.08543556 0.01962405 0.0155217 0.08485203 0.01788568 0.01556712 0.08443593 0.01922947 0.01569265 0.08244574 0.02289319 0.01472121 0.08328443 0.02357959 0.01565319 0.08323335 0.02175098 0.01443761 0.08637958 0.01521778 0.01538127 0.08537352 0.01368504 0.0154283 0.08531999 0.0150994 0.01453709 0.08588081 0.01818645 0.01448762 0.08619457 0.01671427 0.01547533 0.08514618 0.01650542 0.01528841 0.08511924 0.01087093 0.01428866 0.08616578 0.01071768 0.01524335 0.08481198 0.009495735 0.01533454 0.0853064 0.01227217 0.01438754 0.08643645 0.01371288 0.01433777 0.08636516 0.01220965 0.01511943 0.08316135 0.005662322 0.01515841 0.08383369 0.006876528 0.01414954 0.08478873 0.006442546 0.01419413 0.08537966 0.007820487 0.01519984 0.08438366 0.00815916 0.01424068 0.08583807 0.00925076 0.01505172 0.08145463 0.00352019 0.01508361 0.08236771 0.00453633 0.01406854 0.08319967 0.003907263 0.01410746 0.08406281 0.005131423 0.01403361 0.08219927 0.002793967 0.01502442 0.08042883 0.002636969 0.01400345 0.08106541 0.00181818 0.01500266 0.07930243 0.001913547 0.01498723 0.07809615 0.001377105 0.01397913 0.07980793 0.001010656 0.01396179 0.07844775 4.0599e-4 0.01497876 0.07682389 0.001045167 0.01395213 0.07700282 2.91141e-5 0.01497763 0.07553046 9.34639e-4 0.01394987 0.0755276 -9.68408e-5 0.01394987 0.0755276 -9.68408e-5 0.01528072 -0.07546913 0.001051545 0.01497763 0.07553046 9.34639e-4 0.01425296 -0.07547199 2.00756e-5 0.01451182 0.02870553 0.01425313 0.01451814 0.02879714 0.01444864 0.01445734 0.03040605 0.01271229 0.01445841 0.02939432 0.01268476 0.01447772 0.02878451 0.01323026 0.01448422 0.02869963 0.01342028 0.01449793 0.02863037 0.01382941 0.01445454 0.02979898 0.01259213 0.01449102 0.02864772 0.01362192 0.01450502 0.0286495 0.01404458 0.01445525 0.03021138 0.01263827 0.01445436 0.03000718 0.01259773 0.01447176 0.02890002 0.01305705 0.01446199 0.02920931 0.01278048 0.01445597 0.02959269 0.01262134 0.01446646 0.02904301 0.01290571 0.0144605 0.03058552 0.01281797 0.01446461 0.03074485 0.01295208 0.0145238 0.02892118 0.01462537 0.01452851 0.02907401 0.01477789 0.01446962 0.03087931 0.01311111 0.01453226 0.02925097 0.01490145 0.0144754 0.03098535 0.01329028 0.01453495 0.02944678 0.01499247 0.01453638 0.02965545 0.01504814 0.01448166 0.03105968 0.01348471 0.01453655 0.02987045 0.0150668 0.01448839 0.03110057 0.0136888 0.01453554 0.03007805 0.01504915 0.01450216 0.03107762 0.01410311 0.01449525 0.03110653 0.01389688 0.014526 0.0306428 0.01479601 0.014521 0.03079396 0.0146529 0.01451522 0.03091913 0.01448649 0.0145089 0.0310145 0.01430141 0.0145334 0.03027969 0.014997 0.01453024 0.03046971 0.01491183 0.01552265 0.02890801 0.01457393 0.01552736 0.02905368 0.0147255 0.0145238 0.02892118 0.01462537 0.01553535 0.03002983 0.01502341 0.01453655 0.02987045 0.0150668 0.01553606 0.0298199 0.01503258 0.01451814 0.02879714 0.01444864 0.01551711 0.02879029 0.0144 0.01451182 0.02870553 0.01425313 0.01551091 0.02870351 0.01420867 0.0155043 0.02865034 0.01400554 0.01450502 0.0286495 0.01404458 0.01449793 0.02863037 0.01382941 0.01549738 0.0286324 0.01379626 0.01452851 0.02907401 0.01477789 0.01453226 0.02925097 0.01490145 0.01553118 0.02922266 0.01485025 0.01553398 0.02941042 0.01494461 0.01453495 0.02944678 0.01499247 0.01553559 0.0296114 0.01500606 0.01453638 0.02965545 0.01504814 0.01552647 0.03060901 0.01479029 0.01453024 0.03046971 0.01491183 0.01553046 0.03043019 0.01490056 0.01553344 0.03023529 0.01497906 0.0145334 0.03027969 0.014997 0.01453554 0.03007805 0.01504915 0.01451522 0.03091913 0.01448649 0.01551586 0.03089857 0.01448792 0.01550954 0.03100091 0.01430445 0.014526 0.0306428 0.01479601 0.01552152 0.03076672 0.01465147 0.014521 0.03079396 0.0146529 0.01549589 0.03110605 0.01389926 0.01548892 0.03110587 0.01368933 0.01449525 0.03110653 0.01389688 0.01550287 0.0310707 0.01410639 0.01450216 0.03107762 0.01410311 0.0145089 0.0310145 0.01430141 0.01546984 0.03089737 0.01310098 0.0144754 0.03098535 0.01329028 0.01547569 0.03100007 0.01328432 0.01448166 0.03105968 0.01348471 0.01448839 0.03110057 0.0136888 0.01548212 0.03107023 0.01348233 0.0144605 0.03058552 0.01281797 0.01546037 0.03060734 0.01279908 0.01545709 0.03042834 0.01268911 0.01446962 0.03087931 0.01311111 0.01546466 0.03076523 0.01293766 0.01446461 0.03074485 0.01295208 0.01545381 0.03002774 0.01256686 0.01545393 0.02981781 0.01255816 0.01445436 0.03000718 0.01259773 0.01545488 0.03023326 0.01261097 0.01445525 0.03021138 0.01263827 0.01445734 0.03040605 0.01271229 0.0154612 0.02922087 0.01274126 0.01445841 0.02939432 0.01268476 0.01545768 0.02940851 0.01264661 0.01445597 0.02959269 0.01262134 0.01445454 0.02979898 0.01259213 0.01545524 0.02960938 0.01258486 0.01546567 0.02905207 0.01286637 0.01446199 0.02920931 0.01278048 0.01446646 0.02904301 0.01290571 0.01547104 0.0289067 0.01301807 0.01547706 0.02878928 0.01319217 0.01447176 0.02890002 0.01305705 0.01548355 0.02870285 0.01338362 0.01447772 0.02878451 0.01323026 0.01448422 0.02869963 0.01342028 0.01549041 0.02864998 0.01358699 0.01449102 0.02864772 0.01362192 0.01480281 -0.06897777 0.01718831 0.01485168 -0.06826877 0.01870363 0.01438051 -0.05580234 0.005250275 0.01438897 -0.06364148 0.005036473 0.01453858 -0.06836634 0.009263396 0.01458877 -0.0690242 0.0107361 0.01469498 -0.06956034 0.01390546 0.01435893 -0.06050658 0.004318833 0.0146414 -0.069426 0.01229816 0.01475006 -0.0694127 0.01557254 0.01436448 -0.0573104 0.004676222 0.0143572 -0.05889344 0.004362761 0.01449233 -0.06747084 0.007921636 0.01441639 -0.06507468 0.005777835 0.0143696 -0.0621044 0.004545509 0.0144512 -0.06636321 0.006748735 0.01440495 -0.05441164 0.006068646 0.01443701 -0.05317777 0.007108211 0.0148952 -0.06730741 0.02007269 0.01493203 -0.06612312 0.02125406 0.01447582 -0.05213564 0.008339703 0.01496112 -0.06475162 0.02221184 0.01452022 -0.05131459 0.009728312 0.0149815 -0.06323486 0.02291703 0.01499265 -0.06161868 0.02334833 0.0145691 -0.05073767 0.01123464 0.01499414 -0.05995225 0.02349275 0.01462095 -0.05042159 0.0128163 0.01498639 -0.0583443 0.0233559 0.01472783 -0.05059915 0.01602578 0.01467436 -0.05037504 0.01442849 0.01491266 -0.05396854 0.02139478 0.0148735 -0.05279678 0.02028584 0.0148288 -0.05182749 0.01899641 0.0147798 -0.05108797 0.01756286 0.01496988 -0.05678206 0.02295178 0.01494508 -0.05530959 0.02229189 0.01416748 0.06574136 0.006086528 0.01414191 0.06435412 0.00523436 0.01460701 0.05166238 0.01849085 0.01424986 0.05256515 0.007783234 0.01429647 0.05165451 0.009132266 0.01417386 0.05499917 0.005638837 0.01420861 0.05369091 0.006607472 0.01434701 0.05098503 0.0106157 0.01414668 0.05645245 0.004904985 0.01412773 0.05800896 0.004427254 0.01440006 0.05057609 0.01219093 0.01445418 0.05043935 0.01381254 0.01411759 0.05962389 0.004219293 0.01412481 0.06284272 0.004628777 0.01450771 0.05057883 0.01543396 0.01455914 0.05099046 0.01700848 0.01411664 0.06125074 0.004287123 0.01424068 0.06798851 0.008426129 0.01471608 0.05501294 0.02197909 0.01428622 0.06878381 0.00984621 0.01468664 0.05370301 0.02101248 0.01420068 0.06696456 0.007160723 0.01464992 0.05257529 0.01983845 0.01433604 0.06932759 0.01138025 0.01473748 0.05646741 0.02271068 0.01475018 0.0580247 0.02318602 0.0144965 0.06933164 0.0162155 0.01474827 0.06126672 0.02332115 0.01473367 0.06285816 0.02297711 0.01444268 0.06960546 0.01461136 0.01438868 0.06960409 0.01298397 0.01475381 0.05963999 0.02339142 0.01459723 0.06799751 0.01917171 0.01467943 0.06575429 0.02151477 0.01464128 0.06697571 0.02043867 0.01471048 0.06436854 0.02236902 0.01454848 0.06879043 0.01775038 -1.40697e-4 -0.003361284 2.96584e-4 3.99883e-4 -0.003334879 2.97535e-4 2.89217e-5 -0.002655625 0.001002728 0.003309905 -5.32431e-4 3.02672e-4 0.002549946 -8.14716e-4 9.99198e-4 0.003178954 -0.001057565 3.02258e-4 0.002681136 -0.002014875 3.01172e-4 0.001905322 -0.001874327 0.001001536 0.002325177 -0.002422571 3.00516e-4 9.18387e-4 0.003229975 2.92119e-4 3.8782e-4 0.003334581 2.90125e-4 7.29509e-4 0.002554118 0.001000285 0.002173006 -0.001555144 0.001000702 0.002967596 -0.00155586 3.01787e-4 0.002390503 -0.001199901 9.9991e-4 -8.18966e-4 -0.002518534 0.001007318 -6.78365e-4 -0.003300368 2.95064e-4 -4.00866e-4 -0.002621293 0.001006245 0.002649068 -4.09791e-4 9.98569e-4 0.003354251 6.54932e-6 3.0285e-4 0.00268191 5.73832e-6 9.9813e-4 0.001586914 -0.002143561 0.001002252 0.001906931 -0.002766191 2.99878e-4 0.001437008 -0.00303477 2.99188e-4 0.001233756 -0.002363622 0.001001834 8.48245e-4 -0.00252223 0.001000821 9.30282e-4 -0.003225266 2.98354e-4 4.43314e-4 -0.002620458 0.001000761 -0.001198053 -0.003149569 2.93275e-4 -0.001213729 -0.002346158 0.001006901 -0.00216943 -0.001492023 0.001003682 -0.002523839 -0.002234756 2.86471e-4 -0.001896202 -0.001824676 0.001004695 -0.001576304 -0.002112805 0.001005828 -0.002130806 -0.002607285 2.8885e-4 -0.001685559 -0.002915084 2.91145e-4 -0.002532601 -7.14684e-4 0.001003146 -0.002612352 -2.91576e-4 0.001003444 -0.003275096 -8.12454e-4 2.83288e-4 -0.002852857 -0.001805067 2.84521e-4 -0.002384722 -0.001118957 0.001002967 -0.003105878 -0.00132662 2.83509e-4 -0.003275573 7.99177e-4 2.84049e-4 -0.002569317 5.66486e-4 0.001003801 -0.002445876 9.79283e-4 0.001003623 -0.003355979 2.62577e-4 2.83565e-4 -0.003362119 -2.78102e-4 2.83224e-4 -0.00262463 1.39007e-4 0.001003563 -0.001696407 0.002017617 0.001001715 -0.002531945 0.002224147 2.85391e-4 -0.002001404 0.001713335 0.001002609 -0.002254128 0.001364827 0.001003146 -0.002860665 0.001793265 2.84955e-4 -0.003112256 0.001313328 2.84503e-4 -9.63044e-4 0.00246489 0.001000404 -5.51993e-4 0.0025931 9.99808e-4 -0.001208841 0.00314331 2.86938e-4 -0.002140939 0.002598524 2.8591e-4 -0.001347422 0.002270519 0.00100106 -0.00169605 0.002907276 2.86396e-4 3.051e-4 0.002634942 9.99849e-4 -1.52689e-4 0.003361046 2.88329e-4 -6.90087e-4 0.003296971 2.87505e-4 -1.25577e-4 0.002651453 9.99619e-4 0.001425862 0.003041505 2.94048e-4 0.001134574 0.002410411 0.001000702 0.001511394 0.002202093 0.001000702 0.001897096 0.002774953 2.95842e-4 0.002316713 0.002433419 2.97517e-4 0.001847743 0.001933217 0.001000344 0.002673447 0.002026379 2.99028e-4 0.002961158 0.001567721 3.00272e-4 0.002133488 0.001610219 9.99769e-4 0.002364039 0.001245975 9.99031e-4 0.002535104 8.50724e-4 9.98491e-4 0.00264275 4.34006e-4 9.9807e-4 0.003174364 0.001070439 3.01419e-4 0.003307521 5.45859e-4 3.02245e-4 0.00360316 -0.00188601 -3.83123e-7 0.003708958 -0.001231312 1.22646e-5 0.003462553 -0.00181204 1.28244e-5 0.0010975 -0.003752529 1.51948e-5 0.001141011 -0.003903448 2.47153e-6 0.001687467 -0.003530621 1.47427e-5 0.003178954 -0.001057565 3.02258e-4 0.003293812 -0.001093208 1.97921e-4 0.003309905 -5.32431e-4 3.02672e-4 0.003859817 -0.001281678 -1.00466e-6 0.003422379 -0.001135945 1.13244e-4 0.003428876 -5.50189e-4 1.97683e-4 0.003129661 -0.002346813 1.33152e-5 0.002717316 -0.00282067 1.3889e-5 0.002827048 -0.002935409 8.39005e-7 0.003354251 6.54932e-6 3.0285e-4 0.002322435 -0.003348946 1.42201e-6 0.00223273 -0.00321865 1.42962e-5 0.003256499 -0.002442538 1.81375e-7 4.79452e-4 -0.00388056 1.54989e-5 -1.57135e-4 -0.004067063 3.26164e-6 4.97952e-4 -0.004036068 2.9096e-6 0.001754879 -0.003673076 1.91829e-6 -0.001379668 -0.003664851 1.60779e-5 -0.002026617 -0.003526568 3.81004e-6 -0.001435101 -0.003809571 3.73082e-6 -7.75507e-4 -0.003839731 1.59869e-5 -8.07135e-4 -0.003992199 3.55882e-6 -1.50426e-4 -0.003910899 1.58155e-5 -0.003441929 -0.002182543 3.4197e-6 -0.003044009 -0.002702236 3.6573e-6 -0.002928137 -0.002600669 1.58378e-5 -0.002567529 -0.00315386 3.73658e-6 -0.001948833 -0.003393054 1.60245e-5 -0.00246942 -0.00303483 1.59886e-5 -0.003951549 -9.84762e-4 2.81085e-6 -0.003802835 -9.48838e-4 1.48566e-5 -0.00405395 -3.3726e-4 2.36696e-6 -0.003311455 -0.002100884 1.55284e-5 -0.003605902 -0.001546084 1.52283e-5 -0.003747045 -0.001605451 3.15474e-6 -0.003804206 9.30195e-4 1.34232e-5 -0.003749251 0.001589894 6.40168e-7 -0.003953039 9.67792e-4 1.22073e-6 -0.003901898 3.06267e-4 1.38852e-5 -0.004054367 3.19452e-4 1.8283e-6 -0.003901422 -3.25731e-4 1.44016e-5 -0.002575576 0.003146827 -1.09524e-6 -0.003049433 0.002691745 -4.98723e-7 -0.002935051 0.002589166 1.1801e-5 -0.003445088 0.002169013 0 -0.003608703 0.001529037 1.28348e-5 -0.003316044 0.002086341 1.23607e-5 -0.001448094 0.003808915 -2.24414e-6 -0.001393735 0.003663122 1.03826e-5 -8.21662e-4 0.003993034 -2.67581e-6 -0.002478897 0.003026723 1.13056e-5 -0.001960694 0.003388285 1.08157e-5 -0.002037346 0.003522992 -1.66119e-6 -1.66933e-4 0.003913402 9.68326e-6 4.62767e-4 0.003884255 9.52404e-6 4.82142e-4 0.004039525 -3.35752e-6 -1.72666e-4 0.004069328 -3.06476e-6 -7.91121e-4 0.003840506 1.00469e-5 0.001125514 0.003907799 -3.583e-6 0.001081228 0.003757059 9.42021e-6 0.001740336 0.003678321 -3.77977e-6 0.002308845 0.003354847 -3.76429e-6 0.001672089 0.003535985 9.30967e-6 0.002218782 0.003224968 9.33773e-6 0.002705156 0.002828419 9.44338e-6 0.002814948 0.002942562 -3.70201e-6 0.003119647 0.00235641 9.69297e-6 0.00359559 0.001897335 -3.3105e-6 0.003246486 0.002451658 -3.60061e-6 0.003854751 0.00129497 -3.00282e-6 0.003454983 0.001823484 1.0022e-5 0.003703773 0.001244485 1.03535e-5 0.004016101 6.60185e-4 -2.5183e-6 0.003858864 6.34219e-4 1.07248e-5 0.004072606 7.75507e-6 -2.04484e-6 0.003556966 0.001195073 4.89868e-5 0.003610372 6.91604e-6 1.12549e-4 0.003426671 5.63189e-4 1.96822e-4 0.003474593 6.70917e-6 1.97299e-4 0.003188371 0.001682579 1.10936e-4 0.003417551 0.001148223 1.11483e-4 0.003307521 5.45859e-4 3.02245e-4 0.003560483 5.8515e-4 1.12019e-4 0.003005981 -0.00225389 5.16602e-5 0.003325521 -0.001740157 5.13303e-5 0.003195405 -0.00167191 1.13524e-4 0.003913104 7.44515e-6 1.12525e-5 0.003757774 7.16339e-6 4.99255e-5 0.003861486 -6.19805e-4 1.16932e-5 0.004018783 -6.45175e-4 -1.51095e-6 0.003562808 -5.71753e-4 1.12914e-4 0.003708243 -5.95157e-4 5.04735e-5 0.003561973 -0.001182377 5.09217e-5 0.002610206 -0.002709209 5.19681e-5 0.002144992 -0.003091752 5.222e-5 0.001621186 -0.003391921 5.24429e-5 0.001054644 -0.003605544 5.26135e-5 4.60776e-4 -0.003729104 5.27115e-5 -1.44501e-4 -0.003758728 5.2711e-5 -7.4537e-4 -0.003690838 5.25816e-5 -0.001326322 -0.003523111 5.24091e-5 -0.001873731 -0.003262221 5.22429e-5 -0.00237447 -0.002918124 5.19618e-5 -0.002815842 -0.002500891 5.16507e-5 -0.003184735 -0.002020478 5.12791e-5 -0.003468096 -0.001487016 5.08254e-5 -0.003657639 -9.12638e-4 5.03297e-5 -0.003752589 -3.13314e-4 4.98757e-5 -0.003753006 2.94586e-4 4.94788e-5 -0.00365895 8.94701e-4 4.89558e-5 -0.003470778 0.001470625 4.85318e-5 -0.003189146 0.002006471 4.81388e-5 -0.002822458 0.002489805 4.77731e-5 -0.002383589 0.002910256 4.74637e-5 -0.001885116 0.003257632 4.71382e-5 -0.001339733 0.003521502 4.70305e-5 -7.60386e-4 0.003691613 4.68711e-5 -1.60295e-4 0.003761172 4.68126e-5 4.44699e-4 0.003732681 4.68725e-5 0.001038968 0.003609955 4.70654e-5 0.001606464 0.003397107 4.7222e-5 0.002131581 0.003097951 4.74593e-5 0.002598524 0.00271672 4.77942e-5 0.002996444 0.002263128 4.81792e-5 0.00331825 0.001751184 4.85375e-5 0.003705859 6.09028e-4 4.95421e-5 0.002888619 -0.002165675 1.13613e-4 0.002508461 -0.002603352 1.13686e-4 0.002061545 -0.002971231 1.1362e-4 0.001558363 -0.003260076 1.13452e-4 0.001013815 -0.00346589 1.13181e-4 4.42978e-4 -0.00358504 1.12916e-4 -1.38899e-4 -0.003614008 1.12536e-4 -7.16664e-4 -0.003549158 1.12045e-4 -0.001275479 -0.003388226 1.11541e-4 -0.001802206 -0.003137648 1.10899e-4 -0.002284109 -0.002806961 1.10305e-4 -0.002708971 -0.002405822 1.09755e-4 -0.003063976 -0.001943826 1.09141e-4 -0.003336787 -0.00143069 1.08559e-4 -0.003519296 -8.78118e-4 1.07944e-4 -0.00361061 -3.01458e-4 1.0749e-4 -0.003610968 2.83472e-4 1.0701e-4 -0.003520607 8.60892e-4 1.06626e-4 -0.003339409 0.001415014 1.06352e-4 -0.003068208 0.001930415 1.06125e-4 -0.002715289 0.002395212 1.06028e-4 -0.002292752 0.002799451 1.05978e-4 -0.001813054 0.003133237 1.06088e-4 -0.001288354 0.003386735 1.06274e-4 -7.31012e-4 0.003549933 1.06549e-4 -1.54115e-4 0.003616392 1.06862e-4 4.27579e-4 0.003588557 1.07395e-4 9.98845e-4 0.003470182 1.07848e-4 0.001544237 0.003265142 1.08433e-4 0.00204873 0.002977252 1.09043e-4 0.002497196 0.002610683 1.09675e-4 0.002879381 0.002174615 1.10268e-4 0.003289163 0.001105129 1.96125e-4 0.003075599 -0.001609027 1.9789e-4 0.002780377 -0.002084314 1.97679e-4 0.002414584 -0.002505779 1.97367e-4 0.001984655 -0.002860069 1.96921e-4 0.001500427 -0.003138422 1.96315e-4 9.76223e-4 -0.003336846 1.95566e-4 4.26615e-4 -0.003451943 1.94689e-4 -1.33668e-4 -0.003480195 1.93795e-4 -6.9013e-4 -0.003418087 1.92799e-4 -0.001228451 -0.003263354 1.91722e-4 -0.001735925 -0.003022253 1.90748e-4 -0.002200424 -0.002703964 1.89687e-4 -0.002609848 -0.002317726 1.88739e-4 -0.002952098 -0.001872777 1.87813e-4 -0.003215134 -0.001378476 1.87022e-4 -0.003391027 -8.46083e-4 1.86308e-4 -0.003479063 -2.90443e-4 1.85761e-4 -0.003479421 2.73183e-4 1.85297e-4 -0.003392279 8.29558e-4 1.85042e-4 -0.003217518 0.001363396 1.84898e-4 -0.002956151 0.001859903 1.84911e-4 -0.002615928 0.002307593 1.85152e-4 -0.002208709 0.002696812 1.85516e-4 -0.001746475 0.00301814 1.86018e-4 -0.001240849 0.003262042 1.86746e-4 -7.03954e-4 0.003418922 1.87506e-4 -1.48242e-4 0.003482639 1.88424e-4 4.11854e-4 0.00345546 1.89371e-4 9.61718e-4 0.003341138 1.90431e-4 0.001486718 0.003143429 1.91487e-4 0.001972258 0.00286597 1.92518e-4 0.002403855 0.002512931 1.93503e-4 0.002771496 0.002093076 1.94462e-4 0.003068745 0.001619458 1.95403e-4 0.002967596 -0.00155586 3.01787e-4 0.002681136 -0.002014875 3.01172e-4 0.002325177 -0.002422571 3.00516e-4 0.001906931 -0.002766191 2.99878e-4 0.001437008 -0.00303477 2.99188e-4 9.30282e-4 -0.003225266 2.98354e-4 3.99883e-4 -0.003334879 2.97535e-4 -1.40697e-4 -0.003361284 2.96584e-4 -6.78365e-4 -0.003300368 2.95064e-4 -0.001198053 -0.003149569 2.93275e-4 -0.001685559 -0.002915084 2.91145e-4 -0.002130806 -0.002607285 2.8885e-4 -0.002523839 -0.002234756 2.86471e-4 -0.002852857 -0.001805067 2.84521e-4 -0.003105878 -0.00132662 2.83509e-4 -0.003275096 -8.12454e-4 2.83288e-4 -0.003362119 -2.78102e-4 2.83224e-4 -0.003355979 2.62577e-4 2.83565e-4 -0.003275573 7.99177e-4 2.84049e-4 -0.003112256 0.001313328 2.84503e-4 -0.002860665 0.001793265 2.84955e-4 -0.002531945 0.002224147 2.85391e-4 -0.002140939 0.002598524 2.8591e-4 -0.00169605 0.002907276 2.86396e-4 -0.001208841 0.00314331 2.86938e-4 -6.90087e-4 0.003296971 2.87505e-4 -1.52689e-4 0.003361046 2.88329e-4 3.8782e-4 0.003334581 2.90125e-4 9.18387e-4 0.003229975 2.92119e-4 0.001425862 0.003041505 2.94048e-4 0.001897096 0.002774953 2.95842e-4 0.002316713 0.002433419 2.97517e-4 0.002673447 0.002026379 2.99028e-4 0.002961158 0.001567721 3.00272e-4 0.003174364 0.001070439 3.01419e-4 -0.02637356 -0.001387774 0.004529833 -0.02638083 -0.001062929 0.004329562 -0.0262838 0.001916825 0.007431983 -0.02636665 0.001701056 0.004922747 -0.02635657 0.001914978 0.005238592 -0.02638214 0.001129746 0.004420936 -0.02637523 0.001436769 0.004647552 -0.02634537 0.002072453 0.005585968 -0.02638715 7.88842e-4 0.004249513 -0.02639013 4.2385e-4 0.004138171 -0.02633333 0.002168953 0.00595498 -0.02632075 0.002201616 0.006335079 -0.02639102 4.52747e-5 0.004089951 -0.02638626 -7.08986e-4 0.004187107 -0.02630811 0.002169609 0.006715059 -0.02629566 0.002073764 0.00708425 -0.02638971 -3.35993e-4 0.004106462 -0.02635431 -0.001913487 0.005078911 -0.02625507 0.001132965 0.008250713 -0.02634286 -0.002099335 0.005412101 -0.02626323 0.001439571 0.008023738 -0.02636462 -0.001673996 0.004782021 -0.02627289 0.001703381 0.007748186 -0.0263307 -0.002226173 0.005771815 -0.02624869 7.92351e-4 0.008422672 -0.02624428 4.27547e-4 0.008534729 -0.02629309 -0.00222522 0.006905078 -0.02624166 -3.32242e-4 0.008567571 -0.02624356 -7.0537e-4 0.008487522 -0.02630543 -0.00229001 0.006529211 -0.02631807 -0.002290368 0.006147861 -0.02624189 4.90532e-5 0.008583486 -0.02627074 -0.001911401 0.007597446 -0.02625358 -0.001384675 0.008145809 -0.02626138 -0.001671373 0.007893979 -0.02624756 -0.001059591 0.008345603 -0.02628141 -0.002097785 0.007264673 -0.02631807 -0.002290368 0.006147861 -0.02630543 -0.00229001 0.006529211 -0.01631093 -0.002270221 0.006197571 -0.02629309 -0.00222522 0.006905078 -0.01629859 -0.002205431 0.006573438 -0.0162869 -0.002077996 0.006933033 -0.02628141 -0.002097785 0.007264673 -0.02627074 -0.001911401 0.007597446 -0.01627624 -0.001891553 0.007265806 -0.02626138 -0.001671373 0.007893979 -0.01626688 -0.001651585 0.007562339 -0.01625907 -0.001364886 0.007814168 -0.02625358 -0.001384675 0.008145809 -0.02624756 -0.001059591 0.008345603 -0.01625311 -0.001039743 0.008013904 -0.02624356 -7.0537e-4 0.008487522 -0.01624912 -6.85567e-4 0.008155882 -0.01624721 -3.1244e-4 0.008235931 -0.02624166 -3.32242e-4 0.008567571 -0.02624189 4.90532e-5 0.008583486 -0.01624739 6.88557e-5 0.008251845 -0.02624428 4.27547e-4 0.008534729 -0.01624977 4.4735e-4 0.008203089 -0.01625424 8.12154e-4 0.008091032 -0.02624869 7.92351e-4 0.008422672 -0.02625507 0.001132965 0.008250713 -0.01626062 0.001152753 0.007919073 -0.02626323 0.001439571 0.008023738 -0.01626873 0.00145936 0.007692039 -0.01627838 0.001723229 0.007416486 -0.02627289 0.001703381 0.007748186 -0.0262838 0.001916825 0.007431983 -0.01628935 0.001936614 0.007100284 -0.02629566 0.002073764 0.00708425 -0.01630115 0.002093553 0.00675261 -0.01631361 0.002189397 0.006383419 -0.02630811 0.002169609 0.006715059 -0.0163263 0.002221465 0.006003379 -0.02632075 0.002201616 0.006335079 -0.01632362 -0.002270579 0.005816161 -0.0263307 -0.002226173 0.005771815 -0.0163362 -0.002206385 0.005440115 -0.01634842 -0.002079546 0.005080461 -0.02634286 -0.002099335 0.005412101 -0.0163598 -0.001893699 0.004747271 -0.02635431 -0.001913487 0.005078911 -0.02636462 -0.001673996 0.004782021 -0.01637017 -0.001654207 0.00445038 -0.01637905 -0.001367926 0.004198193 -0.02637356 -0.001387774 0.004529833 -0.01638638 -0.00104314 0.003997921 -0.02638083 -0.001062929 0.004329562 -0.02638626 -7.08986e-4 0.004187107 -0.01639181 -6.89183e-4 0.003855407 -0.01639521 -3.16191e-4 0.003774762 -0.02638971 -3.35993e-4 0.004106462 -0.01639652 6.50772e-5 0.003758311 -0.02639102 4.52747e-5 0.004089951 -0.02639013 4.2385e-4 0.004138171 -0.01639568 4.43653e-4 0.003806471 -0.0163927 8.08644e-4 0.003917813 -0.02638715 7.88842e-4 0.004249513 -0.0163877 0.001149535 0.004089295 -0.02638214 0.001129746 0.004420936 -0.02637523 0.001436769 0.004647552 -0.01638078 0.001456558 0.004315912 -0.01637214 0.001720845 0.004591047 -0.02636665 0.001701056 0.004922747 -0.01636213 0.001934826 0.004906892 -0.02635657 0.001914978 0.005238592 -0.02634537 0.002072453 0.005585968 -0.01635086 0.002092301 0.005254328 -0.01633882 0.002188742 0.00562334 -0.02633333 0.002168953 0.00595498 0.01550716 0.05058079 0.01540076 0.01445418 0.05043935 0.01381254 0.01545363 0.05044132 0.0137794 0.01564937 0.05257731 0.01980531 0.01460701 0.05166238 0.01849085 0.01560646 0.05166435 0.01845765 0.0155586 0.05099242 0.01697528 0.01455914 0.05099046 0.01700848 0.01450771 0.05057883 0.01543396 0.01471608 0.05501294 0.02197909 0.01571553 0.0550149 0.02194595 0.01573693 0.05646938 0.02267754 0.01464992 0.05257529 0.01983845 0.01568609 0.05370497 0.02097928 0.01468664 0.05370301 0.02101248 0.01575326 0.05964195 0.02335828 0.01574772 0.06126868 0.02328795 0.01475381 0.05963999 0.02339142 0.01574963 0.05802673 0.02315282 0.01475018 0.0580247 0.02318602 0.01473748 0.05646741 0.02271068 0.01567888 0.06575626 0.02148157 0.01471048 0.06436854 0.02236902 0.01570993 0.06437051 0.02233588 0.01473367 0.06285816 0.02297711 0.01474827 0.06126672 0.02332115 0.01573312 0.06286013 0.02294391 0.01459723 0.06799751 0.01917171 0.01559668 0.06799954 0.01913851 0.01554793 0.0687924 0.01771718 0.01467943 0.06575429 0.02151477 0.01564073 0.06697767 0.02040553 0.01464128 0.06697571 0.02043867 0.01544213 0.06960749 0.01457822 0.01538813 0.06960612 0.01295077 0.01444268 0.06960546 0.01461136 0.01549595 0.06933361 0.0161823 0.0144965 0.06933164 0.0162155 0.01454848 0.06879043 0.01775038 0.01524007 0.06799048 0.00839293 0.01428622 0.06878381 0.00984621 0.01528567 0.06878578 0.00981307 0.01433604 0.06932759 0.01138025 0.01438868 0.06960409 0.01298397 0.0153355 0.06932955 0.01134711 0.01416748 0.06574136 0.006086528 0.01516693 0.06574332 0.006053388 0.01514136 0.06435608 0.00520122 0.01424068 0.06798851 0.008426129 0.01520013 0.06696653 0.007127523 0.01420068 0.06696456 0.007160723 0.01511609 0.06125271 0.004253923 0.01511704 0.05962586 0.004186153 0.01411664 0.06125074 0.004287123 0.01512426 0.06284469 0.004595637 0.01412481 0.06284272 0.004628777 0.01414191 0.06435412 0.00523436 0.01411759 0.05962389 0.004219293 0.01512718 0.05801093 0.004394054 0.01412773 0.05800896 0.004427254 0.01414668 0.05645245 0.004904985 0.01514613 0.05645442 0.004871845 0.01517331 0.05500113 0.005605638 0.01417386 0.05499917 0.005638837 0.01520806 0.05369287 0.006574332 0.01420861 0.05369091 0.006607472 0.01424986 0.05256515 0.007783234 0.01524931 0.05256718 0.007750034 0.01529592 0.05165648 0.009099125 0.01429647 0.05165451 0.009132266 0.01534646 0.05098706 0.0105825 0.01434701 0.05098503 0.0106157 0.01440006 0.05057609 0.01219093 0.01539951 0.05057805 0.01215779 0.01589018 -0.06742238 0.01989823 0.01592689 -0.06629472 0.0210722 0.0148952 -0.06730741 0.02007269 0.01598852 -0.05873095 0.02338087 0.01499414 -0.05995225 0.02349275 0.01599413 -0.06035768 0.0234512 0.01485168 -0.06826877 0.01870363 0.01584726 -0.06833529 0.01855057 0.01480281 -0.06897777 0.01718831 0.0157994 -0.06900727 0.0170682 0.01574796 -0.0694189 0.01549369 0.01475006 -0.0694127 0.01557254 0.01469498 -0.06956034 0.01390546 0.01569443 -0.06955832 0.01387226 0.01493203 -0.06612312 0.02125406 0.01496112 -0.06475162 0.02221184 0.0159564 -0.06498479 0.02203887 0.01597779 -0.06353026 0.02277046 0.0149815 -0.06323486 0.02291703 0.01599049 -0.06197297 0.02324575 0.01499265 -0.06161868 0.02334833 0.01591968 -0.05424338 0.02157449 0.01494508 -0.05530959 0.02229189 0.01595079 -0.05562919 0.02242881 0.01597398 -0.05713957 0.02303683 0.01496988 -0.05678206 0.02295178 0.01498639 -0.0583443 0.0233559 0.0148288 -0.05182749 0.01899641 0.01583749 -0.05200016 0.01923143 0.01578879 -0.05120724 0.0178101 0.01491266 -0.05396854 0.02139478 0.01588159 -0.05302202 0.02049845 0.0148735 -0.05279678 0.02028584 0.01568299 -0.05039221 0.01467108 0.01562899 -0.05039358 0.0130437 0.01467436 -0.05037504 0.01442849 0.01573675 -0.05066603 0.01627522 0.01472783 -0.05059915 0.01602578 0.0147798 -0.05108797 0.01756286 0.01548093 -0.05200922 0.008485853 0.01452022 -0.05131459 0.009728312 0.01552647 -0.05121392 0.009905993 0.0145691 -0.05073767 0.01123464 0.01462095 -0.05042159 0.0128163 0.0155763 -0.05067008 0.01143997 0.01440495 -0.05441164 0.006068646 0.01540774 -0.05425637 0.006146311 0.01538223 -0.05564355 0.005294144 0.01447582 -0.05213564 0.008339703 0.015441 -0.05303317 0.007220447 0.01443701 -0.05317777 0.007108211 0.01535695 -0.05874699 0.004346847 0.01535791 -0.06037384 0.004279077 0.0143572 -0.05889344 0.004362761 0.01536512 -0.05715495 0.00468856 0.01436448 -0.0573104 0.004676222 0.01438051 -0.05580234 0.005250275 0.01541417 -0.0649985 0.005698561 0.01438897 -0.06364148 0.005036473 0.01538693 -0.06354522 0.004964709 0.0143696 -0.0621044 0.004545509 0.01435893 -0.06050658 0.004318833 0.01536804 -0.06198877 0.004486978 0.01544892 -0.06630682 0.006667256 0.01441639 -0.06507468 0.005777835 0.0144512 -0.06636321 0.006748735 0.01549017 -0.06743252 0.007842957 0.01553672 -0.06834316 0.009192049 0.01449233 -0.06747084 0.007921636 0.01558727 -0.06901264 0.01067543 0.01453858 -0.06836634 0.009263396 0.01458877 -0.0690242 0.0107361 0.01564037 -0.06942158 0.01225066 0.0146414 -0.069426 0.01229816 -3.97211e-4 -0.002616822 0.007002234 -0.00121057 -0.002341389 0.007002353 -8.15045e-4 -0.002513229 0.007002294 3.07216e-4 0.00264132 0.006997764 0.002391517 -0.001196265 0.006999671 0.002551138 -8.12929e-4 0.006999313 -0.001572728 -0.00210905 0.007002413 4.46437e-4 -0.002616822 0.007001757 3.19867e-5 -0.002650976 0.007001996 -0.00238204 -0.001114904 0.007002115 -0.002167284 -0.0014894 0.007002174 -0.002529263 -7.12201e-4 0.007001817 -0.001895189 -0.001822173 0.007002353 -0.00260955 -2.87431e-4 0.007001519 -0.00262171 1.42318e-4 0.007001161 0.001235842 -0.002359271 0.007001161 -0.001693487 0.002022087 0.006999313 -0.001999735 0.001716792 0.006999611 8.50459e-4 -0.002518594 0.007001459 -0.002251684 0.001369118 0.007000088 -0.002566158 5.70837e-4 0.007000863 -0.002443373 9.81581e-4 0.007000446 -0.001345574 0.002274155 0.006998896 0.00190711 -0.001870989 0.007000505 0.001589953 -0.002143323 0.007000803 -9.59919e-4 0.00246936 0.006998538 -1.22838e-4 0.002654492 0.006998002 -5.50857e-4 0.002597332 0.00699824 0.002539575 8.56822e-4 0.006998002 0.002367258 0.001252233 0.006997764 7.31907e-4 0.002560496 0.006997644 0.002135634 0.001615941 0.006997644 0.001849412 0.001937627 0.006997466 0.001136362 0.002415359 0.006997525 0.001513898 0.002206265 0.006997466 0.00268507 1.03906e-5 0.006998598 0.00264728 4.39673e-4 0.0069983 0.002651154 -4.06767e-4 0.006998956 0.002174377 -0.001553654 0.007000029 -3.97211e-4 -0.002616822 0.007002234 2.89217e-5 -0.002655625 0.001002728 3.19867e-5 -0.002650976 0.007001996 -0.001572728 -0.00210905 0.007002413 -0.001213729 -0.002346158 0.001006901 -0.00121057 -0.002341389 0.007002353 -8.15045e-4 -0.002513229 0.007002294 -8.18966e-4 -0.002518534 0.001007318 -4.00866e-4 -0.002621293 0.001006245 -0.00216943 -0.001492023 0.001003682 -0.002167284 -0.0014894 0.007002174 -0.00238204 -0.001114904 0.007002115 -0.001576304 -0.002112805 0.001005828 -0.001895189 -0.001822173 0.007002353 -0.001896202 -0.001824676 0.001004695 -0.00260955 -2.87431e-4 0.007001519 -0.00262171 1.42318e-4 0.007001161 -0.002612352 -2.91576e-4 0.001003444 -0.002529263 -7.12201e-4 0.007001817 -0.002532601 -7.14684e-4 0.001003146 -0.002384722 -0.001118957 0.001002967 -0.002251684 0.001369118 0.007000088 -0.002445876 9.79283e-4 0.001003623 -0.002443373 9.81581e-4 0.007000446 -0.002569317 5.66486e-4 0.001003801 -0.00262463 1.39007e-4 0.001003563 -0.002566158 5.70837e-4 0.007000863 -0.001696407 0.002017617 0.001001715 -0.001693487 0.002022087 0.006999313 -0.001345574 0.002274155 0.006998896 -0.002254128 0.001364827 0.001003146 -0.001999735 0.001716792 0.006999611 -0.002001404 0.001713335 0.001002609 -5.50857e-4 0.002597332 0.00699824 -1.22838e-4 0.002654492 0.006998002 -5.51993e-4 0.0025931 9.99808e-4 -9.59919e-4 0.00246936 0.006998538 -9.63044e-4 0.00246489 0.001000404 -0.001347422 0.002270519 0.00100106 0.001136362 0.002415359 0.006997525 7.29509e-4 0.002554118 0.001000285 7.31907e-4 0.002560496 0.006997644 3.051e-4 0.002634942 9.99849e-4 -1.25577e-4 0.002651453 9.99619e-4 3.07216e-4 0.00264132 0.006997764 0.001513898 0.002206265 0.006997466 0.001511394 0.002202093 0.001000702 0.001134574 0.002410411 0.001000702 0.001849412 0.001937627 0.006997466 0.001847743 0.001933217 0.001000344 0.002133488 0.001610219 9.99769e-4 0.002135634 0.001615941 0.006997644 0.002367258 0.001252233 0.006997764 0.002364039 0.001245975 9.99031e-4 0.002539575 8.56822e-4 0.006998002 0.002535104 8.50724e-4 9.98491e-4 0.00264275 4.34006e-4 9.9807e-4 0.00264728 4.39673e-4 0.0069983 0.00268507 1.03906e-5 0.006998598 0.00268191 5.73832e-6 9.9813e-4 0.002551138 -8.12929e-4 0.006999313 0.002390503 -0.001199901 9.9991e-4 0.002549946 -8.14716e-4 9.99198e-4 0.00268507 1.03906e-5 0.006998598 0.002651154 -4.06767e-4 0.006998956 0.002649068 -4.09791e-4 9.98569e-4 0.001905322 -0.001874327 0.001001536 0.002174377 -0.001553654 0.007000029 0.00190711 -0.001870989 0.007000505 0.002173006 -0.001555144 0.001000702 0.002391517 -0.001196265 0.006999671 0.001235842 -0.002359271 0.007001161 8.50459e-4 -0.002518594 0.007001459 8.48245e-4 -0.00252223 0.001000821 0.001589953 -0.002143323 0.007000803 0.001233756 -0.002363622 0.001001834 0.001586914 -0.002143561 0.001002252 4.43314e-4 -0.002620458 0.001000761 4.46437e-4 -0.002616822 0.007001757 2.89217e-5 -0.002655625 0.001002728 3.19867e-5 -0.002650976 0.007001996 0.00268191 5.73832e-6 9.9813e-4 4.9839e-4 -0.01917982 0.01001459 6.9801e-4 -0.01908624 0.01001441 -0.001076996 -0.01744616 0.01001411 -0.001103937 -0.01847881 0.01001489 -5.46129e-4 -0.01910048 0.01001507 -3.51954e-4 -0.01918691 0.01001501 6.58152e-5 -0.01925706 0.01001489 -0.001199007 -0.01806598 0.01001459 -1.46036e-4 -0.0192396 0.01001495 2.85591e-4 -0.01923733 0.01001471 -0.001152455 -0.01764494 0.01001429 -0.001193463 -0.01785349 0.01001441 -7.23058e-4 -0.01898276 0.01001507 -0.001006007 -0.01866745 0.01001495 -0.001168906 -0.01827633 0.01001477 -8.77832e-4 -0.01883709 0.01001507 -9.6944e-4 -0.01726287 0.01001387 -8.32591e-4 -0.01710015 0.01001369 8.78252e-4 -0.01895934 0.01001423 0.001033782 -0.01880311 0.01001405 -6.70479e-4 -0.01696276 0.01001352 0.001159787 -0.01862239 0.01001381 -4.87604e-4 -0.0168544 0.01001328 0.001252472 -0.01842248 0.01001363 0.001309037 -0.01820945 0.0100134 -2.89149e-4 -0.01677817 0.0100131 0.001327812 -0.01799005 0.01001322 -8.08224e-5 -0.01673626 0.01001298 0.001309514 -0.01777815 0.0100131 3.4225e-4 -0.01675921 0.01001274 1.31683e-4 -0.01672983 0.01001292 0.001050293 -0.01720219 0.01001274 9.04031e-4 -0.017048 0.01001274 7.33882e-4 -0.01692056 0.01001268 5.4489e-4 -0.01682329 0.0100128 0.001256048 -0.01757246 0.01001292 0.001168787 -0.01737868 0.01001286 -0.001027107 0.01875722 0.009985983 -0.001139163 0.01857429 0.009986162 6.09965e-4 0.01690465 0.009986579 -8.01325e-4 0.01702189 0.009987175 -6.2339e-4 0.01690214 0.009987175 -0.001084268 0.0173422 0.009987056 -9.56503e-4 0.01717001 0.009987175 -4.27807e-4 0.01681423 0.009987175 -0.001181244 0.01753354 0.009986937 -0.001244485 0.0177384 0.009986877 -2.2009e-4 0.01676058 0.009987115 -6.43624e-6 0.01674276 0.009987056 -0.001272082 0.01795113 0.009986698 -0.001218736 0.01837515 0.0099864 2.07237e-4 0.01676142 0.009986817 4.14741e-4 0.01681596 0.009986698 -0.001263439 0.01816546 0.009986519 -7.19156e-4 0.01905357 0.009985566 0.001069068 0.01734656 0.009985983 -5.32069e-4 0.01915854 0.009985327 9.42004e-4 0.01717376 0.009986221 -8.85673e-4 0.01891851 0.009985744 7.87419e-4 0.01702505 0.0099864 -3.29998e-4 0.01923036 0.009985268 0.00116527 0.01753824 0.009985804 0.001227676 0.01774334 0.009985566 3.07239e-4 0.01923161 0.00998497 0.001244962 0.01817047 0.009985268 0.001199364 0.01837998 0.009985089 9.57528e-5 0.01926749 0.009985029 -1.18658e-4 0.01926708 0.009985148 0.001254498 0.01795619 0.009985387 6.971e-4 0.01905637 0.00998485 0.001006245 0.01876133 0.00998497 8.64154e-4 0.01892203 0.00998485 0.001119077 0.01857882 0.00998497 5.09586e-4 0.01916062 0.00998491 8.60901e-4 -0.01897722 5.14312e-4 0.001015722 -0.018826 5.14048e-4 8.78252e-4 -0.01895934 0.01001423 0.001309692 -0.01781743 5.13152e-4 0.001327812 -0.01799005 0.01001322 0.001322507 -0.0180335 5.13307e-4 6.9801e-4 -0.01908624 0.01001441 6.8245e-4 -0.01909971 5.14433e-4 4.9839e-4 -0.01917982 0.01001459 4.85827e-4 -0.01919001 5.1463e-4 2.76625e-4 -0.01924538 5.14812e-4 2.85591e-4 -0.01923733 0.01001471 6.58152e-5 -0.01925706 0.01001489 6.10477e-5 -0.01926445 5.14881e-4 0.001033782 -0.01880311 0.01001405 0.001159787 -0.01862239 0.01001381 0.001142561 -0.01865065 5.13894e-4 0.00123775 -0.01845628 5.13675e-4 0.001252472 -0.01842248 0.01001363 0.001298248 -0.01824855 5.13496e-4 0.001309037 -0.01820945 0.0100134 0.001260221 -0.01760673 5.13015e-4 0.001256048 -0.01757246 0.01001292 0.001309514 -0.01777815 0.0100131 9.04031e-4 -0.017048 0.01001274 0.001050293 -0.01720219 0.01001274 9.17807e-4 -0.0170722 5.12722e-4 0.001168787 -0.01737868 0.01001286 0.001176893 -0.01740998 5.12911e-4 0.001061677 -0.01723015 5.12782e-4 5.4489e-4 -0.01682329 0.0100128 3.58604e-4 -0.01677155 5.12816e-4 3.4225e-4 -0.01675921 0.01001274 7.49355e-4 -0.01694077 5.128e-4 5.6115e-4 -0.01683962 5.12756e-4 7.33882e-4 -0.01692056 0.01001268 -2.76116e-4 -0.01678049 5.13172e-4 -2.89149e-4 -0.01677817 0.0100131 -8.08224e-5 -0.01673626 0.01001298 -6.60834e-5 -0.01674157 5.12976e-4 1.31683e-4 -0.01672983 0.01001292 1.47527e-4 -0.01673859 5.12887e-4 -8.32591e-4 -0.01710015 0.01001369 -6.70479e-4 -0.01696276 0.01001352 -8.26577e-4 -0.01709681 5.13697e-4 -4.87604e-4 -0.0168544 0.01001328 -4.76676e-4 -0.01685422 5.13286e-4 -6.6196e-4 -0.01696068 5.13522e-4 -0.001076996 -0.01744616 0.01001411 -0.001153945 -0.01764076 5.14309e-4 -0.001152455 -0.01764494 0.01001429 -9.66027e-4 -0.0172587 5.13857e-4 -0.001076161 -0.01744174 5.14064e-4 -9.6944e-4 -0.01726287 0.01001387 -0.001175642 -0.0182752 5.14767e-4 -0.001168906 -0.01827633 0.01001477 -0.001199007 -0.01806598 0.01001459 -0.001204431 -0.01806348 5.14641e-4 -0.001193463 -0.01785349 0.01001441 -0.00119704 -0.01784998 5.14414e-4 -0.001014292 -0.0186693 5.14945e-4 -0.001006007 -0.01866745 0.01001495 -0.001103937 -0.01847881 0.01001489 -0.001111745 -0.0184791 5.14917e-4 -8.86311e-4 -0.01884037 5.15042e-4 -8.77832e-4 -0.01883709 0.01001507 -7.23058e-4 -0.01898276 0.01001507 -7.3133e-4 -0.01898741 5.15126e-4 -5.53799e-4 -0.01910626 5.15137e-4 -5.46129e-4 -0.01910048 0.01001507 -3.5882e-4 -0.01919358 5.15045e-4 -3.51954e-4 -0.01918691 0.01001501 -1.46036e-4 -0.0192396 0.01001495 -1.51903e-4 -0.01924675 5.15028e-4 0.001003623 -0.01912665 1.09777e-4 0.001231431 -0.01899391 6.85892e-5 0.001180469 -0.0189507 1.09565e-4 9.32621e-4 -0.01904183 2.20425e-4 0.001096069 -0.01887911 2.20169e-4 9.06363e-4 -0.01901042 2.87308e-4 -8.07043e-4 -0.01911455 1.61651e-4 -9.45333e-4 -0.01891791 2.21303e-4 -9.82963e-4 -0.01895231 1.61649e-4 7.23424e-4 -0.01913917 2.87482e-4 7.43985e-4 -0.01917457 2.20594e-4 0.001064777 -0.01885253 2.87119e-4 -7.24486e-4 -0.01688802 2.19572e-4 -5.07614e-4 -0.01680868 2.86249e-4 -5.25314e-4 -0.01677173 2.19369e-4 0.001152873 -0.01864552 4.35606e-4 0.001246213 -0.01845121 4.35446e-4 0.001142561 -0.01865065 5.13894e-4 0.001291334 -0.01846855 2.86682e-4 0.001194417 -0.01867014 2.86867e-4 0.0013296 -0.0184831 2.19791e-4 0.001309692 -0.01781743 5.13152e-4 0.001315474 -0.01781469 4.34914e-4 0.001266062 -0.01760488 4.34778e-4 0.00130546 -0.01824402 4.35308e-4 0.001347005 -0.01803028 3.58807e-4 0.001328706 -0.01802974 4.35056e-4 0.001333534 -0.01781201 3.58569e-4 0.001283407 -0.01759922 3.58456e-4 0.001260221 -0.01760673 5.13015e-4 7.99739e-4 -0.0192703 1.10065e-4 0.001046717 -0.01917791 6.88723e-5 0.001134991 -0.01891207 1.60572e-4 9.65337e-4 -0.01908087 1.6074e-4 0.00149548 -0.01854634 6.81573e-5 0.00138247 -0.01878136 6.84037e-5 0.001563251 -0.01857209 3.81133e-5 0.001634538 -0.01859915 1.97612e-5 0.001713037 -0.01832419 1.95282e-5 0.001743972 -0.01803982 1.92628e-5 0.001638174 -0.01830953 3.781e-5 5.35675e-4 -0.01927363 2.20786e-4 5.53498e-4 -0.01932132 1.611e-4 7.69708e-4 -0.01921868 1.60945e-4 0.001667737 -0.01803809 3.75985e-5 0.001567125 -0.01829558 6.78709e-5 3.05911e-4 -0.01929563 2.87762e-4 3.13579e-4 -0.01933598 2.20903e-4 0.001726508 -0.01775437 1.90038e-5 0.001804232 -0.01774561 1.28155e-5 0.00173521 -0.01745164 1.26564e-5 3.23106e-4 -0.01938611 1.61298e-4 8.51259e-5 -0.01941084 1.61409e-4 8.41017e-5 -0.01935994 2.21034e-4 8.34394e-5 -0.01931887 2.87957e-4 -1.46051e-4 -0.01934468 2.21154e-4 -1.53735e-4 -0.01939517 1.61517e-4 -1.39809e-4 -0.01930409 2.88049e-4 -3.70279e-4 -0.01929086 2.21245e-4 -3.86371e-4 -0.0193392 1.61587e-4 -3.57329e-4 -0.01925188 2.8812e-4 -6.06273e-4 -0.01924473 1.617e-4 -5.82273e-4 -0.01919978 2.21299e-4 -5.62915e-4 -0.01916354 2.88164e-4 -7.75829e-4 -0.01907426 2.21311e-4 -7.5066e-4 -0.01904183 2.88187e-4 -0.001085937 -0.01873505 2.21214e-4 -0.001051425 -0.01871287 2.88089e-4 -0.001265406 -0.01831185 2.2091e-4 -0.001258134 -0.01808106 2.87711e-4 -0.001299083 -0.01808357 2.20834e-4 -0.001128911 -0.01876258 1.61529e-4 -0.001193702 -0.01853108 2.21116e-4 -0.00124067 -0.01855105 1.61458e-4 -0.001167416 -0.01741105 2.20204e-4 -0.001249372 -0.0176267 2.20402e-4 -0.001130461 -0.01742869 2.87128e-4 -0.001344323 -0.01784753 1.61005e-4 -0.001349985 -0.01808685 1.61192e-4 -0.001293599 -0.01785296 2.2056e-4 -7.00891e-4 -0.01692152 2.86455e-4 -9.01184e-4 -0.01703631 2.19758e-4 -0.001050174 -0.01721227 2.19946e-4 -0.001091837 -0.01718282 1.60369e-4 -0.001213371 -0.01738899 1.60576e-4 -3.09261e-4 -0.01669079 2.19237e-4 -7.84219e-5 -0.01668816 2.86015e-4 -8.27246e-5 -0.01664745 2.19087e-4 -7.53865e-4 -0.01684647 1.59878e-4 -5.47194e-4 -0.01672571 1.59724e-4 5.94844e-4 -0.01675051 2.18802e-4 3.75979e-4 -0.01667773 2.18799e-4 5.78728e-4 -0.01678806 2.85704e-4 1.51211e-4 -0.01659232 1.59248e-4 -8.80081e-5 -0.01659679 1.59388e-4 1.47889e-4 -0.0166431 2.18934e-4 0.001103699 -0.0171957 2.85736e-4 0.001136124 -0.01717078 2.18804e-4 9.80552e-4 -0.01700061 2.18819e-4 7.98369e-4 -0.01685911 2.18743e-4 8.2602e-4 -0.01681637 1.59058e-4 6.14978e-4 -0.01670372 1.59061e-4 5.21306e-4 -0.01923519 2.87666e-4 0.0011819 -0.01740646 4.34701e-4 0.001176893 -0.01740998 5.12911e-4 0.001224637 -0.01738399 2.85882e-4 0.001312017 -0.01758998 2.85959e-4 0.001198053 -0.01739799 3.58416e-4 0.001350879 -0.01757729 2.19022e-4 0.001305878 -0.01734113 1.5918e-4 0.001260817 -0.01736497 2.18931e-4 0.001417696 -0.01728218 6.71733e-5 0.001358568 -0.01731336 1.08186e-4 0.001456022 -0.01754295 1.08345e-4 0.001399278 -0.01756155 1.59369e-4 0.001519501 -0.01752215 6.72984e-5 0.001481771 -0.01724827 3.71019e-5 0.001588404 -0.01749962 3.71777e-5 0.001660883 -0.01747602 1.88443e-5 0.001549243 -0.01721262 1.87259e-5 0.001618862 -0.01717722 1.24844e-5 0.001065492 -0.01722508 4.34609e-4 0.001061677 -0.01723015 5.12782e-4 0.001176536 -0.01713979 1.59103e-4 0.001015067 -0.01696318 1.59108e-4 7.76047e-4 -0.0168935 2.8575e-4 9.52813e-4 -0.01703065 2.85702e-4 3.87807e-4 -0.01662826 1.5913e-4 -0.001252889 -0.01785743 2.87449e-4 3.66474e-4 -0.01671761 2.85785e-4 1.45289e-4 -0.01668393 2.85892e-4 -3.23044e-4 -0.01664179 1.59518e-4 -2.98158e-4 -0.01673012 2.86138e-4 -9.37157e-4 -0.01700019 1.60087e-4 -0.001016795 -0.01723605 2.86897e-4 -8.72193e-4 -0.01706528 2.86656e-4 -0.001298367 -0.01761275 1.60784e-4 -0.001209914 -0.01763784 2.87338e-4 -0.001315057 -0.0183236 1.61335e-4 -0.001155912 -0.01851505 2.87987e-4 -0.001225471 -0.01830238 2.87816e-4 -9.15054e-4 -0.0188902 2.88112e-4 9.20101e-4 -0.01706606 4.34498e-4 9.17807e-4 -0.0170722 5.12722e-4 0.00123775 -0.01845628 5.13675e-4 0.001079916 -0.017214 3.58278e-4 0.001276791 -0.01706266 6.70627e-5 0.001223802 -0.01710343 1.08076e-4 0.001334249 -0.01701855 3.70047e-5 0.001394629 -0.01697206 1.86507e-5 0.001458108 -0.0169261 1.24059e-5 7.49848e-4 -0.01693391 4.34533e-4 7.49355e-4 -0.01694077 5.128e-4 9.32452e-4 -0.01705271 3.58234e-4 0.001100778 -0.0168702 6.70384e-5 0.001055419 -0.01691937 1.08106e-4 0.001149952 -0.01681703 3.69469e-5 0.001201629 -0.01676094 1.85764e-5 0.00125724 -0.01670581 1.2282e-5 5.5974e-4 -0.01683241 4.34554e-4 5.6115e-4 -0.01683962 5.12756e-4 7.59792e-4 -0.01691854 3.58249e-4 8.94895e-4 -0.01671034 6.70342e-5 8.58447e-4 -0.01676636 1.08011e-4 9.34296e-4 -0.01664948 3.68592e-5 9.75784e-4 -0.01658546 1.85195e-5 0.00102216 -0.0165224 1.23245e-5 3.55195e-4 -0.0167644 4.34579e-4 3.58604e-4 -0.01677155 5.12816e-4 5.66881e-4 -0.01681566 3.58259e-4 6.64826e-4 -0.01658749 6.70594e-5 6.38495e-4 -0.01664888 1.08108e-4 6.9341e-4 -0.01652085 3.69375e-5 7.23481e-4 -0.01645082 1.85739e-5 7.59656e-4 -0.0163812 1.23115e-5 1.42119e-4 -0.01673203 4.34719e-4 1.47527e-4 -0.01673859 5.12887e-4 3.59431e-4 -0.01674664 3.58282e-4 4.17328e-4 -0.0165053 6.70983e-5 4.01708e-4 -0.01657027 1.08093e-4 4.34299e-4 -0.01643484 3.69596e-5 4.52053e-4 -0.01636064 1.85992e-5 4.77014e-4 -0.01628619 1.24057e-5 -7.33901e-5 -0.01673614 4.34768e-4 -6.60834e-5 -0.01674157 5.12976e-4 1.43351e-4 -0.01671391 3.58423e-4 1.59514e-4 -0.01646608 6.72158e-5 1.55103e-4 -0.01653277 1.08242e-4 1.64272e-4 -0.01639378 3.70816e-5 1.69315e-4 -0.01631772 1.87393e-5 1.82464e-4 -0.01624017 1.25353e-5 -2.85023e-4 -0.01677662 4.34923e-4 -2.76116e-4 -0.01678049 5.13172e-4 -7.52596e-5 -0.01671802 3.58474e-4 -1.01218e-4 -0.01647102 6.73681e-5 -9.42226e-5 -0.01653754 1.08314e-4 -1.08763e-4 -0.01639896 3.72392e-5 -1.1663e-4 -0.01632308 1.88288e-5 -1.1559e-4 -0.01624441 1.26239e-5 -4.86879e-4 -0.01685231 4.35082e-4 -4.76676e-4 -0.01685422 5.13286e-4 -2.8999e-4 -0.01675903 3.58631e-4 -3.57356e-4 -0.01652002 6.75047e-5 -3.3926e-4 -0.01658433 1.08481e-4 -3.77005e-4 -0.01645016 3.73791e-5 -3.9757e-4 -0.01637673 1.90898e-5 -4.08735e-4 -0.01629865 1.28909e-5 -6.72963e-4 -0.01696085 4.35245e-4 -6.6196e-4 -0.01696068 5.13522e-4 -4.94748e-4 -0.01683574 3.58786e-4 -6.01504e-4 -0.01661151 6.76789e-5 -5.72808e-4 -0.01667195 1.08699e-4 -6.32647e-4 -0.01654613 3.7638e-5 -6.65412e-4 -0.01647716 1.9258e-5 -6.88579e-4 -0.01640164 1.30586e-5 -8.38072e-4 -0.01709949 4.35436e-4 -8.26577e-4 -0.01709681 5.13697e-4 -6.83528e-4 -0.01694595 3.58939e-4 -8.26763e-4 -0.01674294 6.78569e-5 -7.88169e-4 -0.01679766 1.08948e-4 -8.68496e-4 -0.01668375 3.78779e-5 -9.12456e-4 -0.01662135 1.94712e-5 -9.47018e-4 -0.01655012 1.33556e-5 -9.77315e-4 -0.01726388 4.35693e-4 -9.66027e-4 -0.0172587 5.13857e-4 -8.51032e-4 -0.01708656 3.59214e-4 -0.001026511 -0.01691067 6.81234e-5 -9.79251e-4 -0.01695805 1.09119e-4 -0.001077651 -0.01685929 3.80628e-5 -0.001131474 -0.01680523 1.97928e-5 -0.001176834 -0.01674008 1.35372e-5 -0.001086771 -0.01744961 4.35879e-4 -0.001076161 -0.01744174 5.14064e-4 -9.92276e-4 -0.01725339 3.59339e-4 -0.001195013 -0.01710963 6.83812e-5 -0.001140415 -0.01714837 1.09326e-4 -0.001254081 -0.01706767 3.83878e-5 -0.001316308 -0.0170235 2.00062e-5 -0.001371383 -0.01696598 1.38787e-5 -0.001163303 -0.01765108 4.36087e-4 -0.001153945 -0.01764076 5.14309e-4 -0.001103341 -0.01744168 3.5958e-4 -0.001327514 -0.01733428 6.85637e-5 -0.001267135 -0.01736325 1.09609e-4 -0.001392781 -0.01730281 3.85877e-5 -0.001461625 -0.01726984 2.03315e-5 -0.001525044 -0.01722139 1.40907e-5 -0.001204729 -0.01786255 4.36238e-4 -0.00119704 -0.01784998 5.14414e-4 -0.001180946 -0.01764607 3.59726e-4 -0.00142008 -0.01757806 6.88393e-5 -0.001355767 -0.01759642 1.09845e-4 -0.001489877 -0.01755809 3.88207e-5 -0.001563251 -0.01753717 2.05263e-5 -0.001633524 -0.01749914 1.44227e-5 -0.001204431 -0.01806348 5.14641e-4 -0.001209795 -0.01807796 4.36386e-4 -0.001222968 -0.01786065 3.6e-4 -0.001470208 -0.01783394 6.91168e-5 -0.001403689 -0.01784121 1.1004e-4 -0.00154221 -0.01782613 3.90838e-5 -0.001618087 -0.01781791 2.07821e-5 -0.001693785 -0.01779115 1.46672e-5 -0.001175642 -0.0182752 5.14767e-4 -0.001178324 -0.01829117 4.36525e-4 -0.001228094 -0.01807916 3.60154e-4 -0.001476347 -0.01809465 6.92416e-5 -0.001409471 -0.01809048 1.10242e-4 -0.001548707 -0.01809912 3.93252e-5 -0.001624822 -0.01810377 2.10459e-5 -0.001704037 -0.01808905 1.48561e-5 -0.001111745 -0.0184791 5.14917e-4 -0.001111388 -0.01849603 4.36674e-4 -0.001196265 -0.01829546 3.60281e-4 -0.001438319 -0.01835268 6.94973e-5 -0.001373171 -0.01833724 1.10444e-4 -0.001508831 -0.01836925 3.95326e-5 -0.001583158 -0.01838684 2.12019e-5 -0.001663923 -0.01838451 1.50734e-5 -0.001014292 -0.0186693 5.14945e-4 -0.001010656 -0.01868653 4.36796e-4 -0.001128196 -0.01850324 3.60396e-4 -0.001357197 -0.01860052 6.96144e-5 -0.001295626 -0.01857435 1.10573e-4 -0.001423954 -0.01862877 3.96356e-5 -0.001494228 -0.01865863 2.13831e-5 -0.001574695 -0.01866888 1.5254e-5 -8.86311e-4 -0.01884037 5.15042e-4 -8.79265e-4 -0.01885741 4.3688e-4 -0.001026153 -0.01869654 3.60476e-4 -0.001235365 -0.01883107 6.97683e-5 -0.001179158 -0.01879495 1.10695e-4 -0.001296401 -0.01887023 3.98079e-5 -0.001360595 -0.01891148 2.1559e-5 -0.001438796 -0.01893436 1.537e-5 -7.3133e-4 -0.01898741 5.15126e-4 -7.2089e-4 -0.01900357 4.36851e-4 -8.92879e-4 -0.01886987 3.60601e-4 -0.00107634 -0.01903778 6.97674e-5 -0.001026988 -0.01899266 1.10715e-4 -0.001129865 -0.01908671 3.98672e-5 -0.001186251 -0.01913821 2.15687e-5 -0.001260101 -0.01917296 1.55438e-5 -5.53799e-4 -0.01910626 5.15137e-4 -5.40058e-4 -0.01912081 4.36853e-4 -7.32195e-4 -0.01901805 3.60597e-4 -8.84733e-4 -0.01921457 6.98607e-5 -8.43659e-4 -0.01916176 1.10774e-4 -9.2924e-4 -0.01927191 3.98684e-5 -9.7605e-4 -0.01933211 2.1662e-5 -0.001043856 -0.01937824 1.55468e-5 -3.5882e-4 -0.01919358 5.15045e-4 -3.42078e-4 -0.0192058 4.36857e-4 -5.48759e-4 -0.01913708 3.60612e-4 -6.65935e-4 -0.01935654 6.98226e-5 -6.34475e-4 -0.01929748 1.10752e-4 -7.00117e-4 -0.01942044 3.98932e-5 -7.36108e-4 -0.01948785 2.16328e-5 -7.96234e-4 -0.01954418 1.55717e-5 -1.51903e-4 -0.01924675 5.15028e-4 -1.32467e-4 -0.01925617 4.36749e-4 -3.47879e-4 -0.01922327 3.60523e-4 -4.26299e-4 -0.01945936 6.97617e-5 -4.05254e-4 -0.01939588 1.10734e-4 -4.49169e-4 -0.01952821 3.98624e-5 -4.73242e-4 -0.01960062 2.16123e-5 -5.24041e-4 -0.01966589 1.55455e-5 6.10477e-5 -0.01926445 5.14881e-4 8.25784e-5 -0.01927036 4.36728e-4 -1.35264e-4 -0.01927435 3.60514e-4 -1.72742e-4 -0.01952028 6.97039e-5 -1.6271e-4 -0.01945412 1.10638e-4 -1.83698e-4 -0.01959198 3.97107e-5 -1.95158e-4 -0.01966744 2.15443e-5 -2.35341e-4 -0.01974022 1.54341e-5 2.76625e-4 -0.01924538 5.14812e-4 2.96947e-4 -0.019248 4.36599e-4 8.28827e-5 -0.01928871 3.60392e-4 8.74321e-5 -0.01953744 6.95894e-5 8.61565e-5 -0.01947063 1.10497e-4 8.8784e-5 -0.01960998 3.95891e-5 9.02311e-5 -0.01968628 2.13951e-5 6.17679e-5 -0.01976484 1.53013e-5 4.85827e-4 -0.01919001 5.1463e-4 5.0444e-4 -0.01918983 4.3637e-4 3.00354e-4 -0.01926606 3.60259e-4 3.4682e-4 -0.01951044 6.94639e-5 3.34238e-4 -0.0194447 1.10351e-4 3.60371e-4 -0.01958161 3.9457e-5 3.74725e-4 -0.01965659 2.12353e-5 3.62577e-4 -0.01973831 1.5104e-5 6.8245e-4 -0.01909971 5.14433e-4 6.9906e-4 -0.01909732 4.36236e-4 5.10848e-4 -0.01920694 3.6013e-4 5.97911e-4 -0.01943993 6.92777e-5 5.74433e-4 -0.01937723 1.10226e-4 6.23266e-4 -0.01950788 3.92757e-5 6.50115e-4 -0.01957923 2.10376e-5 6.54479e-4 -0.01966094 1.49585e-5 8.60901e-4 -0.01897722 5.14312e-4 8.75305e-4 -0.01897329 4.36087e-4 7.08266e-4 -0.01911318 3.59903e-4 8.33413e-4 -0.01932805 6.90731e-5 8.69963e-4 -0.0193907 3.90978e-5 9.08406e-4 -0.0194565 2.07662e-5 9.2897e-4 -0.019535 1.46495e-5 0.00102806 -0.01882117 4.35892e-4 0.001015722 -0.018826 5.14048e-4 8.87007e-4 -0.01898729 3.59769e-4 0.001093208 -0.01923346 3.8859e-5 0.001142263 -0.01929193 2.05714e-5 0.001177906 -0.01936399 1.44455e-5 0.001041948 -0.0188331 3.59599e-4 0.001324951 -0.01874732 1.09303e-4 0.001286745 -0.01904088 3.85783e-5 0.001344978 -0.01909017 2.02779e-5 0.001394033 -0.01915317 1.41014e-5 0.001229763 -0.018691 2.19974e-4 0.001168549 -0.01865482 3.59349e-4 0.001273572 -0.01871699 1.60313e-4 0.001444876 -0.01881825 3.83476e-5 0.00151062 -0.018857 1.99912e-5 0.001570999 -0.01890838 1.38269e-5 0.001298248 -0.01824855 5.13496e-4 0.001377284 -0.01850128 1.6009e-4 0.00126332 -0.01845782 3.59142e-4 0.001432955 -0.0185225 1.09134e-4 0.001595318 -0.0180363 6.76181e-5 0.001703739 -0.01863712 1.35954e-5 0.001322507 -0.0180335 5.13307e-4 0.00139296 -0.01826137 2.19601e-4 0.001352727 -0.01825344 2.86463e-4 0.001323342 -0.0182476 3.58977e-4 0.001442968 -0.01827114 1.5992e-4 0.0015015 -0.01828265 1.08858e-4 0.001788198 -0.01834726 1.33493e-5 0.001363277 -0.01780772 2.86143e-4 0.001376926 -0.01803106 2.86277e-4 0.001417934 -0.01803207 2.19381e-4 0.001468777 -0.01803326 1.59664e-4 0.001528441 -0.01803469 1.08659e-4 0.001822054 -0.01804709 1.30769e-5 0.001403748 -0.01780176 2.19157e-4 0.001454114 -0.01779443 1.5955e-4 0.001513123 -0.01778572 1.08557e-4 0.001579284 -0.01777601 6.74302e-5 0.001650989 -0.01776552 3.74264e-5 2.07237e-4 0.01676142 0.009986817 -1.12071e-5 0.01673543 4.87006e-4 2.04373e-4 0.01675444 4.8694e-4 7.88648e-4 0.0170226 4.86437e-4 7.87419e-4 0.01702505 0.0099864 6.10194e-4 0.01690018 4.86559e-4 4.13572e-4 0.01680988 4.86754e-4 6.09965e-4 0.01690465 0.009986579 4.14741e-4 0.01681596 0.009986698 0.00116527 0.01753824 0.009985804 0.00107032 0.01734918 4.8602e-4 0.001165449 0.01754361 4.85801e-4 9.42004e-4 0.01717376 0.009986221 9.43526e-4 0.01717382 4.86173e-4 0.001069068 0.01734656 0.009985983 0.001250267 0.01796633 4.85434e-4 0.001237452 0.01818245 4.85279e-4 0.001244962 0.01817047 0.009985268 0.001226007 0.01775133 4.85621e-4 0.001254498 0.01795619 0.009985387 0.001227676 0.01774334 0.009985566 9.89448e-4 0.01876974 4.8491e-4 0.001006245 0.01876133 0.00998497 0.001104652 0.01858985 4.85038e-4 0.001119077 0.01857882 0.00998497 0.001199364 0.01837998 0.009985089 0.00118798 0.01839315 4.85141e-4 5.09586e-4 0.01916062 0.00998491 6.77103e-4 0.01905912 4.84926e-4 4.88897e-4 0.01916021 4.84881e-4 8.64154e-4 0.01892203 0.00998485 8.45555e-4 0.01892763 4.8485e-4 6.971e-4 0.01905637 0.00998485 7.52728e-5 0.0192613 4.85014e-4 -1.38337e-4 0.01925826 4.85102e-4 -1.18658e-4 0.01926708 0.009985148 2.86353e-4 0.01922833 4.84942e-4 9.57528e-5 0.01926749 0.009985029 3.07239e-4 0.01923161 0.00998497 -7.34214e-4 0.01903915 4.85649e-4 -7.19156e-4 0.01905357 0.009985566 -5.48928e-4 0.01914566 4.85413e-4 -5.32069e-4 0.01915854 0.009985327 -3.29998e-4 0.01923036 0.009985268 -3.48369e-4 0.01921933 4.85298e-4 -0.001139163 0.01857429 0.009986162 -0.001038253 0.01874119 4.85983e-4 -0.001148462 0.01855814 4.8619e-4 -8.85673e-4 0.01891851 0.009985744 -8.98828e-4 0.01890301 4.85823e-4 -0.001027107 0.01875722 0.009985983 -0.00126928 0.01814991 4.86542e-4 -0.001276671 0.0179364 4.86768e-4 -0.001272082 0.01795113 0.009986698 -0.001226186 0.01835906 4.86436e-4 -0.001263439 0.01816546 0.009986519 -0.001218736 0.01837515 0.0099864 -0.001244485 0.0177384 0.009986877 -0.001247942 0.01772463 4.86893e-4 -0.001183986 0.01752078 4.87041e-4 -0.001181244 0.01753354 0.009986937 -0.001086533 0.01733058 4.87071e-4 -0.001084268 0.0173422 0.009987056 -9.56503e-4 0.01717001 0.009987175 -9.58565e-4 0.01715952 4.87169e-4 -8.03585e-4 0.01701241 4.8725e-4 -8.01325e-4 0.01702189 0.009987175 -6.2605e-4 0.01689356 4.87263e-4 -6.2339e-4 0.01690214 0.009987175 -4.27807e-4 0.01681423 0.009987175 -4.31073e-4 0.0168063 4.8717e-4 -2.24154e-4 0.01675307 4.87154e-4 -2.2009e-4 0.01676058 0.009987115 -6.43624e-6 0.01674276 0.009987056 3.62577e-4 -0.01973831 1.5104e-5 6.17679e-5 -0.01976484 1.53013e-5 0.01425397 -0.07547181 5.12577e-5 -0.001435101 -0.003809571 3.73082e-6 -0.001176834 -0.01674008 1.35372e-5 -9.47018e-4 -0.01655012 1.33556e-5 0.003859817 -0.001281678 -1.00466e-6 0.001822054 -0.01804709 1.30769e-5 0.004018783 -6.45175e-4 -1.51095e-6 -7.96234e-4 -0.01954418 1.55717e-5 -0.01636922 -0.07553339 6.69286e-5 -5.24041e-4 -0.01966589 1.55455e-5 9.2897e-4 -0.019535 1.46495e-5 6.54479e-4 -0.01966094 1.49585e-5 0.001394033 -0.01915317 1.41014e-5 0.001177906 -0.01936399 1.44455e-5 0.001703739 -0.01863712 1.35954e-5 0.001570999 -0.01890838 1.38269e-5 0.001788198 -0.01834726 1.33493e-5 0.001618862 -0.01717722 1.24844e-5 0.001754879 -0.003673076 1.91829e-6 0.001458108 -0.0169261 1.24059e-5 0.002827048 -0.002935409 8.39005e-7 0.001804232 -0.01774561 1.28155e-5 0.003256499 -0.002442538 1.81375e-7 0.001141011 -0.003903448 2.47153e-6 0.00125724 -0.01670581 1.2282e-5 7.59656e-4 -0.0163812 1.23115e-5 4.97952e-4 -0.004036068 2.9096e-6 0.00102216 -0.0165224 1.23245e-5 -1.57135e-4 -0.004067063 3.26164e-6 1.82464e-4 -0.01624017 1.25353e-5 4.77014e-4 -0.01628619 1.24057e-5 -4.08735e-4 -0.01629865 1.28909e-5 -8.07135e-4 -0.003992199 3.55882e-6 -1.1559e-4 -0.01624441 1.26239e-5 -0.003049433 0.002691745 -4.98723e-7 -0.001736164 0.01761537 -1.28011e-5 -0.001776278 0.01791077 -1.30185e-5 -6.88579e-4 -0.01640164 1.30586e-5 -0.002026617 -0.003526568 3.81004e-6 -0.001371383 -0.01696598 1.38787e-5 0.002322435 -0.003348946 1.42201e-6 -0.001633524 -0.01749914 1.44227e-5 -0.002567529 -0.00315386 3.73658e-6 -0.001525044 -0.01722139 1.40907e-5 0.001321792 0.01684671 -1.37707e-5 0.001105666 0.01663589 -1.34282e-5 0.001125514 0.003907799 -3.583e-6 -0.003044009 -0.002702236 3.6573e-6 -0.001693785 -0.01779115 1.46672e-5 -1.04843e-5 0.01623505 -1.25708e-5 -1.72666e-4 0.004069328 -3.06476e-6 4.82142e-4 0.004039525 -3.35752e-6 -0.001663923 -0.01838451 1.50734e-5 -0.001704037 -0.01808905 1.48561e-5 -0.004054367 3.19452e-4 1.8283e-6 -0.01667231 0.07546621 -4.99859e-5 -0.00405395 -3.3726e-4 2.36696e-6 -0.001438796 -0.01893436 1.537e-5 -0.001574695 -0.01866888 1.5254e-5 -0.001043856 -0.01937824 1.55468e-5 -0.001260101 -0.01917296 1.55438e-5 -2.35341e-4 -0.01974022 1.54341e-5 0.004072606 7.75507e-6 -2.04484e-6 0.01395094 0.07552766 -6.56582e-5 0.00173521 -0.01745164 1.26564e-5 0.001715958 0.01765263 -1.45246e-5 0.003246486 0.002451658 -3.60061e-6 0.001749813 0.01795279 -1.47985e-5 0.004016101 6.60185e-4 -2.5183e-6 0.001740336 0.003678321 -3.77977e-6 0.001498758 0.01709145 -1.40469e-5 8.56717e-4 0.01646488 -1.3225e-5 5.82224e-4 0.01633894 -1.29169e-5 -0.003441929 -0.002182543 3.4197e-6 -0.003747045 -0.001605451 3.15474e-6 2.90324e-4 0.01626151 -1.27706e-5 -0.003951549 -9.84762e-4 2.81085e-6 -0.002037346 0.003522992 -1.66119e-6 -0.001646935 0.01733094 -1.26213e-5 -5.96295e-4 0.01633393 -1.23275e-5 -8.68487e-4 0.0164557 -1.23029e-5 -8.21662e-4 0.003993034 -2.67581e-6 -0.002575576 0.003146827 -1.09524e-6 -0.003749251 0.001589894 6.40168e-7 -0.003445088 0.002169013 0 -1.87841e-4 0.01975548 -1.52499e-5 1.1021e-4 0.01975965 -1.53377e-5 -0.003953039 9.67792e-4 1.22073e-6 0.00360316 -0.00188601 -3.83123e-7 0.001731991 0.01825422 -1.50591e-5 0.001385867 0.01907372 -1.54679e-5 0.001546621 0.01882266 -1.53893e-5 0.001631498 0.01736271 -1.42792e-5 0.002308845 0.003354847 -3.76429e-6 0.002814948 0.002942562 -3.70201e-6 0.00359559 0.001897335 -3.3105e-6 0.003854751 0.00129497 -3.00282e-6 0.001662909 0.01854819 -1.5219e-5 9.49927e-4 0.01947748 -1.55501e-5 0.001184999 0.01929402 -1.55934e-5 4.04761e-4 0.01971369 -1.54689e-5 6.87401e-4 0.01961863 -1.55622e-5 -0.001511037 0.01706552 -1.25046e-5 -4.80988e-4 0.01970118 -1.49837e-5 -0.001766026 0.01820874 -1.32066e-5 -0.001019239 0.01944971 -1.45197e-5 -7.60832e-4 0.01959824 -1.4816e-5 -0.001443624 0.01903384 -1.39942e-5 -0.001249074 0.01925975 -1.43364e-5 -0.001705825 0.01850074 -1.34519e-5 -0.001597285 0.01877844 -1.37839e-5 -0.001448094 0.003808915 -2.24414e-6 -0.001332342 0.01682686 -1.23315e-5 -0.001116096 0.01662158 -1.23277e-5 -3.07593e-4 0.01625967 -1.24381e-5 9.74474e-4 0.01682198 4.09994e-5 9.31407e-4 0.01687318 8.1905e-5 7.27486e-4 0.01672959 8.21908e-5 8.60369e-4 0.01695805 1.92551e-4 0.001023769 0.01712077 1.92295e-4 8.3411e-4 0.01698946 2.59434e-4 -8.79298e-4 0.01688528 1.33777e-4 -0.00101757 0.01708197 1.93429e-4 -0.001055181 0.01704758 1.33774e-4 6.51169e-4 0.01686066 2.59609e-4 6.71734e-4 0.01682525 1.9272e-4 0.001159191 0.01700592 4.07171e-5 0.001108229 0.01704913 8.16932e-5 -7.96739e-4 0.01911181 1.91697e-4 -5.79865e-4 0.0191912 2.58376e-4 -5.97567e-4 0.0192281 1.91494e-4 0.001080632 0.01735436 4.07731e-4 0.001173973 0.01754862 4.07573e-4 0.00107032 0.01734918 4.8602e-4 0.001219093 0.01753133 2.58807e-4 0.001122176 0.01732969 2.58994e-4 0.0012573 0.01751673 1.91918e-4 0.001256465 0.01797008 4.07182e-4 0.00123322 0.01775586 4.07435e-4 0.001274764 0.0179696 3.30932e-4 0.001243233 0.01818519 4.07041e-4 0.001261293 0.01818788 3.30695e-4 0.001193761 0.018395 4.06905e-4 0.001237452 0.01818245 4.85279e-4 0.00118798 0.01839315 4.85141e-4 0.001211166 0.01840066 3.30581e-4 9.92578e-4 0.01714736 2.59245e-4 0.00149101 0.01742774 1.02404e-5 0.001423239 0.01745355 4.02827e-5 0.001310229 0.01721853 4.05299e-5 0.001671731 0.01796001 -8.61019e-6 0.001565933 0.0176903 9.93611e-6 0.001640796 0.01767563 -8.34721e-6 0.001062691 0.01708781 1.32699e-4 8.93084e-4 0.01691895 1.32866e-4 0.001595497 0.0179618 9.72568e-6 0.001494824 0.0177043 3.99972e-5 0.001562297 0.01740068 -8.11089e-6 0.001731991 0.01825422 -1.50591e-5 0.001662909 0.01854819 -1.5219e-5 0.001654267 0.01824545 -8.8716e-6 6.97455e-4 0.01678115 1.3307e-4 4.63421e-4 0.01672625 1.9291e-4 4.81247e-4 0.01667851 1.33227e-4 2.41326e-4 0.0166639 1.93029e-4 2.33658e-4 0.01670426 2.59887e-4 2.50853e-4 0.01661378 1.33423e-4 1.28745e-5 0.01658898 1.33535e-4 1.18503e-5 0.01663994 1.9316e-4 1.1188e-5 0.01668101 2.60083e-4 -2.18304e-4 0.0166552 1.93279e-4 -2.25986e-4 0.01660472 1.33643e-4 -2.12063e-4 0.01669573 2.60176e-4 -4.42531e-4 0.01670902 1.93373e-4 -4.58623e-4 0.01666063 1.33715e-4 -4.29583e-4 0.01674801 2.60247e-4 -6.78527e-4 0.0167551 1.33825e-4 -6.54528e-4 0.0168001 1.93424e-4 -6.3517e-4 0.01683628 2.60288e-4 -8.48082e-4 0.01692563 1.93439e-4 -8.22914e-4 0.01695799 2.60314e-4 -0.001158177 0.01726478 1.9334e-4 -0.001123726 0.01728701 2.60215e-4 -0.001337647 0.01768803 1.93034e-4 -0.001330375 0.01791882 2.59839e-4 -0.001371324 0.01791626 1.92959e-4 -0.001201152 0.01723724 1.33656e-4 -0.001265943 0.01746875 1.93243e-4 -0.001312911 0.01744884 1.33584e-4 -0.001239717 0.01858884 1.92329e-4 -0.001321613 0.01837319 1.92528e-4 -0.001202702 0.01857113 2.59254e-4 -0.001416623 0.01815235 1.3313e-4 -0.001422226 0.01791304 1.33317e-4 -0.0013659 0.01814687 1.92687e-4 -7.73142e-4 0.01907831 2.58581e-4 -9.73438e-4 0.01896357 1.91885e-4 -0.001122415 0.01878756 1.92074e-4 -0.001164078 0.01881706 1.32497e-4 -0.001285672 0.01861089 1.32702e-4 -3.81512e-4 0.01930904 1.91363e-4 -1.50676e-4 0.01931166 2.58142e-4 -1.54979e-4 0.01935243 1.91212e-4 -8.26119e-4 0.01915341 1.32006e-4 -6.19449e-4 0.01927411 1.31849e-4 5.22591e-4 0.01924937 1.90928e-4 3.03726e-4 0.01932215 1.90924e-4 5.06473e-4 0.01921176 2.57829e-4 7.89569e-5 0.01940751 1.31375e-4 -1.60263e-4 0.01940304 1.31513e-4 7.56361e-5 0.01935678 1.91059e-4 0.001031458 0.01880413 2.57861e-4 0.001063883 0.01882904 1.90928e-4 9.08298e-4 0.01899921 1.90946e-4 7.26117e-4 0.01914077 1.90871e-4 7.53766e-4 0.01918351 1.31185e-4 5.42726e-4 0.01929616 1.31188e-4 4.49052e-4 0.01676464 2.59793e-4 0.001109659 0.01859343 4.06826e-4 0.001104652 0.01858985 4.85038e-4 0.001152396 0.0186159 2.58008e-4 0.001239776 0.01840984 2.58085e-4 0.001125812 0.01860189 3.30541e-4 0.001278638 0.0184226 1.91147e-4 0.001233637 0.01865875 1.31307e-4 0.001188576 0.01863491 1.91056e-4 0.001345455 0.0187177 3.93012e-5 0.001286327 0.01868653 8.0311e-5 0.001383721 0.01845693 8.04719e-5 0.001327037 0.01843833 1.31496e-4 0.00144726 0.01847773 3.94238e-5 0.00140953 0.01875162 9.22976e-6 0.001516163 0.0185002 9.3031e-6 0.001588642 0.01852387 -9.03028e-6 0.001476943 0.0187872 -9.14629e-6 0.001546621 0.01882266 -1.53893e-5 9.93247e-4 0.0187748 4.06734e-4 9.89448e-4 0.01876974 4.8491e-4 0.001104295 0.0188601 1.3123e-4 9.42865e-4 0.01903665 1.31234e-4 7.03794e-4 0.01910638 2.57875e-4 8.80562e-4 0.01896923 2.57828e-4 3.15554e-4 0.01937162 1.31255e-4 -0.00132513 0.0181424 2.59576e-4 2.94221e-4 0.01928228 2.57911e-4 7.30332e-5 0.01931589 2.58018e-4 -3.95296e-4 0.01935809 1.31644e-4 -3.70411e-4 0.0192697 2.58264e-4 -0.001009404 0.01899963 1.32213e-4 -0.001089036 0.01876378 2.59022e-4 -9.44446e-4 0.0189346 2.58782e-4 -0.001370668 0.01838713 1.32909e-4 -0.001282155 0.01836198 2.59466e-4 -0.001387298 0.01767629 1.33462e-4 -0.001228153 0.01748478 2.60112e-4 -0.001297712 0.01769745 2.59942e-4 -9.87308e-4 0.01710969 2.60239e-4 8.4785e-4 0.01893377 4.06624e-4 8.45555e-4 0.01892763 4.8485e-4 0.001165449 0.01754361 4.85801e-4 0.001007676 0.01878583 3.30404e-4 0.00120455 0.01893723 3.91881e-5 0.001151561 0.01889646 8.02014e-5 0.001261949 0.01898133 9.13089e-6 0.001322388 0.01902782 -9.22312e-6 0.001385867 0.01907372 -1.54679e-5 6.77595e-4 0.01906597 4.06659e-4 6.77103e-4 0.01905912 4.84926e-4 8.602e-4 0.01894718 3.30362e-4 0.001028537 0.01912969 3.9163e-5 9.83208e-4 0.01908051 8.0233e-5 0.001077651 0.01918286 9.07321e-6 0.001129388 0.01923894 -9.29824e-6 0.001184999 0.01929402 -1.55934e-5 4.87489e-4 0.01916748 4.0668e-4 4.88897e-4 0.01916021 4.84881e-4 6.8754e-4 0.01908129 3.30376e-4 8.22642e-4 0.01928955 3.91595e-5 7.86192e-4 0.01923352 8.0136e-5 8.62044e-4 0.0193504 8.98543e-6 9.03533e-4 0.01941436 -9.35435e-6 9.49927e-4 0.01947748 -1.55501e-5 2.82944e-4 0.01923543 4.06706e-4 2.86353e-4 0.01922833 4.84942e-4 4.9463e-4 0.01918423 3.30386e-4 5.92572e-4 0.01941239 3.91865e-5 5.66241e-4 0.01935094 8.02323e-5 6.21158e-4 0.01947903 9.06541e-6 6.51228e-4 0.01954907 -9.30068e-6 6.87401e-4 0.01961863 -1.55622e-5 6.98647e-5 0.01926785 4.06846e-4 7.52728e-5 0.0192613 4.85014e-4 2.8718e-4 0.01925319 3.30409e-4 3.45076e-4 0.01949459 3.92262e-5 3.29455e-4 0.01942962 8.02186e-5 3.62045e-4 0.01956498 9.08673e-6 3.79798e-4 0.01963925 -9.27618e-6 4.04761e-4 0.01971369 -1.54689e-5 -1.45642e-4 0.01926368 4.06896e-4 -1.38337e-4 0.01925826 4.85102e-4 7.10983e-5 0.01928597 3.30548e-4 8.72587e-5 0.01953375 3.93421e-5 8.28481e-5 0.01946711 8.03666e-5 9.20194e-5 0.01960605 9.20703e-6 9.70631e-5 0.01968216 -9.13279e-6 1.1021e-4 0.01975965 -1.53377e-5 -3.57276e-4 0.01922327 4.07048e-4 -3.48369e-4 0.01921933 4.85298e-4 -1.47511e-4 0.0192818 3.30601e-4 -1.73469e-4 0.01952886 3.94942e-5 -1.66477e-4 0.01946228 8.04388e-5 -1.81016e-4 0.01960092 9.36626e-6 -1.88882e-4 0.0196768 -9.04335e-6 -1.87841e-4 0.01975548 -1.52499e-5 -5.59132e-4 0.01914757 4.07208e-4 -5.48928e-4 0.01914566 4.85413e-4 -3.62243e-4 0.01924079 3.30757e-4 -4.29609e-4 0.01947987 3.96301e-5 -4.11513e-4 0.01941549 8.06063e-5 -4.49257e-4 0.01954966 9.50697e-6 -4.69821e-4 0.0196231 -8.78402e-6 -4.80988e-4 0.01970118 -1.49837e-5 -7.45216e-4 0.01903897 4.0737e-4 -7.34214e-4 0.01903915 4.85649e-4 -5.67e-4 0.01916408 3.30912e-4 -6.73759e-4 0.01938837 3.98035e-5 -6.45059e-4 0.01932793 8.08249e-5 -7.049e-4 0.01945376 9.76346e-6 -7.37664e-4 0.01952266 -8.61587e-6 -7.60832e-4 0.01959824 -1.4816e-5 -9.10324e-4 0.01890033 4.07564e-4 -8.98828e-4 0.01890301 4.85823e-4 -7.55781e-4 0.01905393 3.31064e-4 -8.99015e-4 0.01925688 3.9983e-5 -8.60425e-4 0.01920223 8.10742e-5 -9.40749e-4 0.01931607 1.00033e-5 -9.84708e-4 0.01937848 -8.40262e-6 -0.001019239 0.01944971 -1.45197e-5 -0.001049518 0.018736 4.07818e-4 -0.001038253 0.01874119 4.85983e-4 -9.23287e-4 0.01891326 3.31338e-4 -0.001098752 0.01908922 4.02496e-5 -0.001051485 0.01904183 8.12451e-5 -0.001149892 0.0191406 1.01891e-5 -0.001203715 0.01919466 -8.08266e-6 -0.001249074 0.01925975 -1.43364e-5 -0.001159012 0.01855027 4.08005e-4 -0.001148462 0.01855814 4.8619e-4 -0.001064479 0.01874649 3.31464e-4 -0.001267254 0.01889026 4.05083e-5 -0.001212656 0.01885151 8.14513e-5 -0.001326382 0.01893222 1.05141e-5 -0.001388609 0.01897639 -7.8684e-6 -0.001443624 0.01903384 -1.39942e-5 -0.001235544 0.01834881 4.08213e-4 -0.001226186 0.01835906 4.86436e-4 -0.001175582 0.01855814 3.31706e-4 -0.001399755 0.01866561 4.06891e-5 -0.001339435 0.01863664 8.17357e-5 -0.001465082 0.01869702 1.07138e-5 -0.001533865 0.01872998 -7.54319e-6 -0.001597285 0.01877844 -1.37839e-5 -0.001276969 0.01813733 4.08365e-4 -0.00126928 0.01814991 4.86542e-4 -0.001253187 0.01835381 3.31851e-4 -0.001492321 0.01842182 4.09647e-5 -0.001428008 0.01840347 8.19709e-5 -0.001562118 0.01844173 1.09461e-5 -0.001635491 0.01846265 -7.34744e-6 -0.001705825 0.01850074 -1.34519e-5 -0.001276671 0.0179364 4.86768e-4 -0.001282036 0.01792192 4.08514e-4 -0.001295208 0.01813924 3.32126e-4 -0.001542448 0.01816588 4.12422e-5 -0.00147593 0.01815867 8.21656e-5 -0.001614511 0.01817375 1.121e-5 -0.001690328 0.01818197 -7.09255e-6 -0.001766026 0.01820874 -1.32066e-5 -0.001247942 0.01772463 4.86893e-4 -0.001250565 0.01770865 4.0865e-4 -0.001300394 0.01792073 3.3228e-4 -0.001548647 0.01790517 4.13678e-5 -0.001481711 0.01790934 8.23675e-5 -0.001620948 0.0179007 1.14513e-5 -0.001697063 0.01789605 -6.82619e-6 -0.001776278 0.01791077 -1.30185e-5 -0.001183986 0.01752078 4.87041e-4 -0.001183629 0.01750379 4.08802e-4 -0.001268506 0.01770436 3.32405e-4 -0.00151056 0.01764714 4.16226e-5 -0.001445412 0.01766264 8.25702e-5 -0.001581072 0.01763063 1.16581e-5 -0.001655399 0.01761305 -6.67275e-6 -0.001736164 0.01761537 -1.28011e-5 -0.001086533 0.01733058 4.87071e-4 -0.001082897 0.0173133 4.08922e-4 -0.001200437 0.01749664 3.32522e-4 -0.001429438 0.01739931 4.17398e-5 -0.001367926 0.01742547 8.2699e-5 -0.001496195 0.01737105 1.17609e-5 -0.001566529 0.01734119 -6.49231e-6 -0.001646935 0.01733094 -1.26213e-5 -9.58565e-4 0.01715952 4.87169e-4 -9.51517e-4 0.01714247 4.09006e-4 -0.001098394 0.01730334 3.32601e-4 -0.001307606 0.01716876 4.18936e-5 -0.001251399 0.01720494 8.28207e-5 -0.001368641 0.01712965 1.19333e-5 -0.001432836 0.01708841 -6.3132e-6 -0.001511037 0.01706552 -1.25046e-5 -8.03585e-4 0.01701241 4.8725e-4 -7.93143e-4 0.01699626 4.08976e-4 -9.65132e-4 0.01713001 3.32727e-4 -0.001148641 0.01696211 4.18936e-5 -0.001099228 0.01700723 8.28404e-5 -0.001202166 0.01691317 1.19919e-5 -0.001258492 0.01686161 -6.30671e-6 -0.001332342 0.01682686 -1.23315e-5 -6.2605e-4 0.01689356 4.87263e-4 -6.12311e-4 0.01687908 4.08979e-4 -8.0445e-4 0.01698184 3.32722e-4 -9.56986e-4 0.01678526 4.19861e-5 -9.15913e-4 0.01683807 8.29011e-5 -0.001001477 0.01672798 1.19938e-5 -0.001048266 0.01666778 -6.21338e-6 -0.001116096 0.01662158 -1.23277e-5 -4.31073e-4 0.0168063 4.8717e-4 -4.14333e-4 0.01679402 4.08982e-4 -6.21012e-4 0.0168628 3.32739e-4 -7.38186e-4 0.01664334 4.19488e-5 -7.06729e-4 0.01670241 8.2879e-5 -7.72371e-4 0.01657944 1.20185e-5 -8.08363e-4 0.01651203 -6.24085e-6 -8.68487e-4 0.0164557 -1.23029e-5 -2.24154e-4 0.01675307 4.87154e-4 -2.04722e-4 0.01674365 4.08873e-4 -4.20134e-4 0.01677656 3.32648e-4 -4.9855e-4 0.01654052 4.18879e-5 -4.77509e-4 0.01660394 8.28586e-5 -5.2142e-4 0.01647162 1.19886e-5 -5.45497e-4 0.01639926 -6.26307e-6 -5.96295e-4 0.01633393 -1.23275e-5 -1.12071e-5 0.01673543 4.87006e-4 1.03253e-5 0.01672953 4.08854e-4 -2.07516e-4 0.01672548 3.32642e-4 -2.44993e-4 0.01647961 4.18301e-5 -2.34963e-4 0.01654577 8.27633e-5 -2.55952e-4 0.01640784 1.18378e-5 -2.67413e-4 0.01633244 -6.33105e-6 -3.07593e-4 0.01625967 -1.24381e-5 2.04373e-4 0.01675444 4.8694e-4 2.24695e-4 0.01675182 4.08725e-4 1.06296e-5 0.01671117 3.32517e-4 1.5179e-5 0.01646244 4.17148e-5 1.39034e-5 0.01652926 8.26228e-5 1.6531e-5 0.0163899 1.17145e-5 1.79797e-5 0.01631361 -6.47873e-6 -1.04843e-5 0.01623505 -1.25708e-5 4.13572e-4 0.01680988 4.86754e-4 4.32187e-4 0.01681005 4.08495e-4 2.281e-4 0.01673376 3.32386e-4 2.74566e-4 0.01648944 4.1591e-5 2.61984e-4 0.01655513 8.24754e-5 2.88119e-4 0.01641827 1.15832e-5 3.02472e-4 0.01634329 -6.6393e-6 2.90324e-4 0.01626151 -1.27706e-5 6.10194e-4 0.01690018 4.86559e-4 6.26808e-4 0.01690256 4.08364e-4 4.38595e-4 0.01679289 3.32256e-4 5.25659e-4 0.01655995 4.14038e-5 5.0218e-4 0.01662266 8.2351e-5 5.51012e-4 0.016492 1.14028e-5 5.77864e-4 0.0164206 -6.83624e-6 5.82224e-4 0.01633894 -1.29169e-5 7.88648e-4 0.0170226 4.86437e-4 8.03054e-4 0.0170266 4.08213e-4 6.3601e-4 0.01688671 3.32029e-4 7.61162e-4 0.01667183 4.11993e-5 7.9771e-4 0.01660919 1.12232e-5 8.36153e-4 0.01654332 -7.10838e-6 8.56717e-4 0.01646488 -1.3225e-5 9.5583e-4 0.01717871 4.08019e-4 9.43526e-4 0.01717382 4.86173e-4 8.14756e-4 0.01701253 3.31896e-4 0.001020967 0.01676642 1.09852e-5 0.001070022 0.01670789 -7.30244e-6 0.001105666 0.01663589 -1.34282e-5 9.69732e-4 0.01716679 3.31725e-4 0.00125271 0.01725256 8.14286e-5 0.001214504 0.01695901 1.07029e-5 0.001272737 0.01690971 -7.59499e-6 0.001321792 0.01684671 -1.37707e-5 0.001157522 0.01730883 1.92101e-4 0.001096308 0.01734501 3.31475e-4 0.001201272 0.0172829 1.32437e-4 0.001372635 0.01718163 1.04738e-5 0.001438319 0.01714283 -7.88341e-6 0.001498758 0.01709145 -1.40469e-5 0.001226007 0.01775133 4.85621e-4 0.001305043 0.01749861 1.32217e-4 0.001191079 0.017542 3.31269e-4 0.001360714 0.01747739 8.12599e-5 0.001523017 0.01796358 3.97435e-5 0.001631498 0.01736271 -1.42792e-5 0.001250267 0.01796633 4.85434e-4 0.001320719 0.01773846 1.91727e-4 0.001280486 0.01774644 2.58589e-4 0.001251101 0.01775223 3.31103e-4 0.001370668 0.01772874 1.32046e-4 0.001429259 0.01771718 8.09836e-5 0.001715958 0.01765263 -1.45246e-5 0.001291036 0.01819217 2.58267e-4 0.001304686 0.01796877 2.58404e-4 0.001345694 0.01796782 1.91507e-4 0.001396536 0.01796656 1.3179e-4 0.001456141 0.01796513 8.07839e-5 0.001749813 0.01795279 -1.47985e-5 0.001331508 0.01819807 1.91282e-4 0.001381814 0.01820546 1.31674e-4 0.001440882 0.0182141 8.06813e-5 0.001507043 0.01822382 3.95565e-5 0.001578748 0.01823437 9.55269e-6</float_array>
          <technique_common>
            <accessor source="#ID5_002-mesh-positions-array" count="2686" stride="3">
              <param name="X" type="float"/>
              <param name="Y" type="float"/>
              <param name="Z" type="float"/>
            </accessor>
          </technique_common>
        </source>
        <source id="ID5_002-mesh-normals">
          <float_array id="ID5_002-mesh-normals-array" count="9348">-0.9994485 -0.001979887 0.03315132 -0.9994477 -0.001980066 0.03317475 -0.9994481 -0.00197941 0.03316223 -0.9994481 -0.001980602 0.03316074 -0.9994481 -0.001980245 0.03316164 -0.9994478 -0.001981258 0.03316992 -0.9994479 -0.001980185 0.03316825 -0.9994475 -0.001980185 0.03317666 -0.9994479 -0.001980245 0.03316652 -0.9994479 -0.001980185 0.03316932 -0.9994488 -0.001979172 0.03314083 -0.999448 -0.001980185 0.03316438 -0.9994478 -0.001980066 0.03316986 -0.9994479 -0.001980245 0.03316706 -0.9994479 -0.001980185 0.03316599 -0.9994481 -0.001980543 0.03316164 -0.9994482 -0.001982867 0.03315705 -0.9994479 -0.001980066 0.03316688 -0.9994456 -0.001975774 0.03323584 -0.9994477 -0.001979529 0.0331735 -0.9994484 -0.001981317 0.0331515 -0.9994482 -0.001982033 0.03315687 -0.9994477 -0.001977264 0.0331732 -0.9994478 -0.001979947 0.03317177 -0.999448 -0.001978814 0.03316229 -0.999448 -0.001980245 0.0331664 -0.999448 -0.001980245 0.0331664 -0.9994478 -0.001981794 0.03317153 -0.9994478 -0.001980602 0.03317123 -0.9994478 -0.001979649 0.03317111 -0.9994478 -0.001980185 0.0331695 -0.9994488 -0.001979708 0.03314077 -0.999448 -0.001979768 0.03316587 -0.999448 -0.001980543 0.0331639 -0.9994479 -0.001980304 0.03316634 -0.9994479 -0.001979887 0.03316724 -0.9994481 -0.001980185 0.0331636 -0.999448 -0.001980364 0.03316718 -0.999448 -0.001980245 0.03316247 -0.999448 -0.001980245 0.03316563 -0.9994481 -0.001980304 0.03316098 -0.9994471 -0.001981496 0.03318959 -0.999448 -0.001980185 0.03316599 -0.9994478 -0.001980245 0.03316962 -0.999448 -0.001980185 0.03316283 -0.9994481 -0.001980245 0.03316295 -0.9994481 -0.001980125 0.03316217 -0.9994479 -0.001980185 0.03316813 -0.9994499 -0.001978993 0.03310722 -0.9994478 -0.001980245 0.0331701 -0.999448 -0.001980185 0.03316313 -0.999448 -0.001980245 0.03316485 -0.9994479 -0.001980245 0.03316605 -0.999448 -0.001980245 0.03316575 -0.999448 -0.001980185 0.03316587 -0.9994487 -0.001980066 0.03314298 -0.9994481 -0.001980185 0.03316324 -0.9994476 -0.001980245 0.03317546 -0.9994515 -0.001979529 0.03305923 -0.9994477 -0.001981198 0.03317499 -0.999449 -0.001981914 0.03313517 -0.9994481 -0.001982033 0.03316259 -0.9994482 -0.001982152 0.03315824 -0.999448 -0.001980304 0.0331636 -0.9994466 -0.001980721 0.03320878 -0.9994478 -0.001980304 0.03316837 -0.9994474 -0.001980185 0.03318148 -0.999448 -0.001980066 0.03316342 -0.9994479 -0.001980185 0.03316682 -0.9994478 -0.001980245 0.03316992 -0.9994482 -0.001980125 0.03315788 -0.999448 -0.001980483 0.03316241 -0.999448 -0.001980066 0.03316527 -0.9994477 -0.001980304 0.03317135 -0.9994483 -0.001979708 0.03315496 -0.9994482 -0.001979947 0.0331574 -0.999448 -0.001980185 0.03316575 -0.999448 -0.001980245 0.03316634 -0.9994484 -0.001979947 0.03315436 -0.9994479 -0.001980304 0.03316724 -0.9994477 -0.001980245 0.0331726 -0.999448 -0.001980185 0.03316551 -0.9994481 -0.001980245 0.03316271 -0.9994478 -0.001980245 0.03316831 -0.9994477 -0.001980185 0.03317463 -0.9994477 -0.001980364 0.03317314 -0.9994475 -0.001980423 0.03318005 -0.9994481 -0.001980245 0.03316241 -0.9994481 -0.001980364 0.03316134 -0.999448 -0.001980304 0.03316378 -0.999448 -0.001980245 0.03316622 -0.9994479 -0.001980125 0.03316855 -0.9994483 -0.001978337 0.03315359 -0.9994479 -0.001980364 0.03316605 -0.9994478 -0.001980245 0.03316789 -0.9994481 -0.001980185 0.03316378 -0.9994478 -0.001980245 0.03317075 -0.9994479 -0.001980245 0.03316843 -0.999448 -0.001980245 0.03316533 -0.9994478 -0.001980245 0.03317195 -0.999448 -0.001980185 0.03316521 -0.9994478 -0.001980245 0.03316867 -0.999448 -0.001980245 0.03316414 -0.9994481 -0.001980304 0.03316199 -0.999448 -0.001980245 0.03316408 -5.05697e-4 -8.18725e-4 -0.9999995 7.98572e-6 -0.1297471 -0.9915472 2.20429e-5 -0.1300302 -0.9915101 0.002611339 -0.3723476 -0.9280897 0.004472136 -0.4781785 -0.8782514 0.002580702 -0.3704532 -0.9288476 0.001082241 -0.2541159 -0.9671732 0.001093149 -0.255266 -0.9668704 0.008937418 -0.6564502 -0.7543165 0.008844852 -0.6538696 -0.7565556 0.01120358 -0.7230962 -0.6906565 0.006630539 -0.5736783 -0.8190538 0.004496932 -0.4793158 -0.8776311 0.006607413 -0.572844 -0.8196378 0.01377403 -0.7875249 -0.6161289 0.01597082 -0.8329593 -0.5531038 0.01621234 -0.8382384 -0.5450631 0.01359724 -0.7828982 -0.6220013 0.01131963 -0.7271096 -0.6864281 0.02307748 -0.9359329 -0.3514215 0.02313768 -0.9418117 -0.335344 0.02103048 -0.9144536 -0.4041443 0.02064514 -0.9084285 -0.4175304 0.01865452 -0.8802188 -0.4742015 0.0183475 -0.8743171 -0.4850083 0.03021365 -0.9907155 -0.1325524 0.02769839 -0.9795114 -0.1994748 0.02966964 -0.9870383 -0.1577188 0.02572357 -0.9634636 -0.2666012 0.02512961 -0.9580557 -0.2854782 0.02722936 -0.9748986 -0.2209782 0.03467172 -0.9993988 -2.29593e-4 0.03598392 -0.9988633 0.0312612 0.03685951 -0.99715 0.06582856 0.03146088 -0.9950239 -0.09453976 0.03355473 -0.9989334 -0.03172087 0.03213334 -0.9972721 -0.06645232 0.04188674 -0.9744765 0.2205476 0.04316967 -0.9628933 0.2664079 0.04118353 -0.979196 0.1986938 0.0397284 -0.9867948 0.1570281 0.03915524 -0.9904835 0.1319447 0.03806638 -0.9948258 0.09419435 0.04832506 -0.9076539 0.4169281 0.04783338 -0.9137036 0.4035564 0.04620236 -0.9354374 0.35046 0.04556709 -0.9413126 0.3344461 0.04401195 -0.9575403 0.2849205 0.05463707 -0.7863338 0.6153812 0.05265498 -0.8318989 0.5524235 0.05483955 -0.7818289 0.6210767 0.05007565 -0.8792874 0.473652 0.05044937 -0.8735128 0.4841801 0.05238401 -0.8372729 0.5442703 0.05702018 -0.7220692 0.689467 0.05685257 -0.7257589 0.685596 0.05906271 -0.6521207 0.755811 0.05896943 -0.6547869 0.7535097 0.06094813 -0.5720892 0.8179239 0.06098294 -0.5707287 0.8188712 0.062711 -0.4767718 0.8767873 0.06271153 -0.476932 0.8767001 0.06415009 -0.3701738 0.926745 0.06416857 -0.3696402 0.9269566 0.06524592 -0.2530039 0.9652627 0.06520903 -0.2525127 0.9653939 0.06576538 -0.1281469 0.9895724 0.06578195 -0.1283499 0.9895449 0.06578218 8.54775e-4 0.9978337 0.06578516 9.04088e-4 0.9978334 -5.06229e-4 -7.87668e-4 -0.9999997 0.06578361 9.04634e-4 0.9978335 0.06578379 9.04612e-4 0.9978335 0.06578105 9.12852e-4 0.9978337 0.06517338 0.1375408 0.9883497 0.06519109 0.1380073 0.9882835 0.06234222 0.3927382 0.917535 0.0602799 0.5034193 0.8619371 0.06236213 0.3915843 0.9180266 0.06402361 0.2694633 0.9608801 0.06401729 0.2700445 0.9607174 0.05543518 0.6845914 0.7268161 0.05556499 0.6805174 0.7306221 0.05308556 0.7494457 0.6599342 0.05798858 0.5989087 0.7987151 0.05793195 0.6011061 0.7970668 0.05024999 0.8142327 0.57836 0.04801326 0.8567054 0.5135667 0.04762715 0.8630095 0.5029376 0.05053776 0.8084937 0.5863308 0.05286788 0.754921 0.6536814 0.04071271 0.9528187 0.3007973 0.03997927 0.958716 0.2815407 0.04253631 0.9341688 0.3542873 0.04318928 0.9276672 0.3709022 0.04507654 0.9026025 0.4281085 0.0455659 0.8959723 0.4417664 0.03262072 0.9971169 0.06851214 0.03537613 0.9897016 0.138706 0.03394693 0.9945864 0.09821188 0.03737026 0.9769944 0.2099654 0.03875476 0.9717727 0.2327144 0.03600412 0.9856581 0.1648696 0.02796214 0.9970007 -0.07216572 0.02764791 0.9943823 -0.1021741 0.0256567 0.9894338 -0.1426976 0.03206449 0.9989891 0.03150862 0.02984964 0.9989284 -0.03537058 0.03061354 0.9995295 -0.001900494 0.02069604 0.9521781 -0.3048419 0.01889401 0.9334999 -0.3580799 0.02101987 0.9581233 -0.2855836 0.02302736 0.9713667 -0.236467 0.02334606 0.976615 -0.2137244 0.0254442 0.9852638 -0.1691387 0.01384389 0.8556092 -0.5174372 0.01416575 0.8621485 -0.5064576 0.01618039 0.8950521 -0.4456681 0.01653343 0.901802 -0.4318331 0.01838964 0.9270156 -0.3745715 0.009207665 0.7488824 -0.662639 0.009363949 0.7537122 -0.6571381 0.01151365 0.8073446 -0.5899679 0.01173228 0.8131 -0.5820059 0.006969213 0.6790683 -0.734042 0.007076561 0.6828612 -0.7305139 0.004904687 0.5992712 -0.8005312 0.004866421 0.5968995 -0.8023014 0.002960205 0.5008012 -0.8655574 0.002994894 0.502044 -0.8648369 0.001348972 0.3903726 -0.920656 0.001352608 0.3907794 -0.9204834 1.70038e-4 0.2680052 -0.9634175 1.71775e-4 0.2676669 -0.9635116 -4.73262e-4 0.1361512 -0.990688 -4.56278e-4 0.1357001 -0.9907498 -5.05862e-4 -7.47338e-4 -0.9999996 -5.16836e-4 -7.73499e-4 -0.9999997 0.06027734 0.5032726 0.8620229 0.06578421 9.40517e-4 0.9978334 -0.9994514 -0.001979708 0.03306174 -0.9994513 -0.001981496 0.03306138 -0.9994514 -0.001979887 0.03306198 -0.9994514 -0.002027869 0.0330578 -0.9994513 -0.002030968 0.03306168 -0.9994514 -0.002028524 0.03305834 -0.9994473 -0.001976788 0.03318697 -0.9994473 -0.001977026 0.03318691 -0.9994473 -0.001976013 0.03318732 -0.9994486 -0.002018272 0.03314536 -0.9994487 -0.002019226 0.03314256 -0.9994487 -0.002020239 0.03314375 -0.9994401 -0.0020563 0.03339838 -0.9994401 -0.002055883 0.03339934 -0.9994401 -0.002056479 0.0333966 -0.9994454 -0.00200057 0.0332421 -0.9994454 -0.00200212 0.03324073 -0.9994454 -0.002002418 0.03324049 -0.9994449 -0.001947581 0.0332604 -0.9994447 -0.001949608 0.03326272 -0.9994449 -0.001947641 0.03326016 -0.9994471 -0.002096831 0.03318709 -0.9994471 -0.002096414 0.03318715 -0.999447 -0.002096474 0.0331878 -0.999448 -0.001934707 0.03316575 -0.999448 -0.001934826 0.03316658 -0.999448 -0.001934647 0.03316521 -0.9994487 -0.001964688 0.03314214 -0.999449 -0.001966834 0.03313678 -0.9994488 -0.001965343 0.03313827 -0.9994446 -0.001951873 0.03327125 -0.9994447 -0.001949369 0.0332666 -0.9994447 -0.001949906 0.0332663 -0.9994473 -0.001988768 0.03318417 -0.9994474 -0.001991033 0.03318256 -0.9994473 -0.001987695 0.03318452 -0.9994513 -0.001977205 0.03306347 -0.9994513 -0.001976966 0.03306424 -0.9994514 -0.001978933 0.03306084 -0.9994519 -0.00192821 0.03304976 -0.9994519 -0.001930892 0.03304862 -0.9994518 -0.001926302 0.03305065 -0.9994509 -0.002018928 0.03307735 -0.9994508 -0.002018749 0.03307735 -0.9994508 -0.002021908 0.03307956 -0.9994423 -0.001971185 0.0333383 -0.9994673 -0.001996338 0.03257584 -0.9994673 -0.001994729 0.03257536 -0.9994673 -0.00200051 0.03257644 -0.999452 -0.002024054 0.03303968 -0.999452 -0.002024173 0.03303974 -0.9994521 -0.002024531 0.03303939 -0.9994273 -0.001881957 0.03378981 -0.999426 -0.001861691 0.03382563 -0.9994273 -0.001882374 0.03378605 -0.9994504 -0.001947402 0.03309512 -0.9994503 -0.001946866 0.03309571 -0.9994503 -0.001945972 0.03309667 -0.9994557 -0.001980423 0.03292971 -0.9994557 -0.001980423 0.03292965 -0.9994557 -0.001980483 0.03292965 -0.9994496 -0.001981616 0.03311735 -0.9994497 -0.001979529 0.03311359 -0.9994496 -0.001980543 0.03311502 -0.9994502 -0.001962125 0.0330972 -0.9994502 -0.001962661 0.03309702 -0.9994502 -0.001962423 0.03309714 -0.9994478 -0.001967012 0.03316986 -0.9994479 -0.001966953 0.03316956 -0.9994479 -0.001967191 0.03316998 -0.999448 -0.001998782 0.03316372 -0.9994485 -0.002041876 0.03314352 -0.9994479 -0.002000868 0.03316706 -0.9994481 -0.001960694 0.03316301 -0.9994481 -0.001960158 0.03316134 -0.9994482 -0.001959919 0.03316068 -0.9994487 -0.00200355 0.03314512 -0.9994486 -0.00200349 0.03314441 -0.9994486 -0.002003729 0.0331462 -0.9994479 -0.001974999 0.03316926 -0.9994478 -0.001974999 0.03317201 -0.9994478 -0.001974999 0.03317302 -0.9994477 -0.001963615 0.03317481 -0.9994477 -0.001963853 0.03317457 -0.9994478 -0.00196284 0.03317016 -0.9994473 -0.00200659 0.03318411 -0.9994474 -0.002007246 0.03318095 -0.9994474 -0.002007007 0.03318029 -0.9994479 -0.002012014 0.03316557 -0.999448 -0.002012252 0.03316545 -0.9994478 -0.002010822 0.03316903 -0.9994474 -0.002008318 0.03318059 -0.9994475 -0.002008557 0.03317832 -0.9994474 -0.002008378 0.03318113 -0.9994474 -0.001982033 0.03318285 -0.9994474 -0.001982569 0.0331825 -0.9994474 -0.001983106 0.03318125 -0.9994465 -0.00201857 0.03320807 -0.9994464 -0.002018153 0.0332092 -0.9994466 -0.002020299 0.03320485 -0.9994338 -0.001981317 0.03358942 -0.9994338 -0.001979768 0.03358942 -0.9994338 -0.001979768 0.03358942 -0.9994451 -0.002064704 0.03324609 -0.9994451 -0.002064049 0.03324651 -0.9994451 -0.002064466 0.03324562 -0.9994415 -0.001929938 0.03336632 -0.9994415 -0.001926958 0.03336417 -0.9994414 -0.001929163 0.03336554 -0.9993688 -0.001069843 0.03551042 -0.9993701 -0.001116991 0.03547304 -0.99937 -0.001138865 0.03547519 -0.9994503 -0.001983702 0.0330941 -0.9994494 -0.002059698 0.03311496 -0.9994495 -0.002060592 0.03311562 -0.9994494 -0.002063512 0.03311789 -0.9994484 -0.002004086 0.03315198 -0.9994484 -0.002001523 0.03314989 -0.9994484 -0.002001047 0.03314983 -0.9994469 -0.001985251 0.03319567 -0.9994469 -0.001986205 0.03319585 -0.9994469 -0.001984775 0.03319549 -0.9994472 -0.001981854 0.0331881 -0.9994472 -0.001981496 0.0331881 -0.9994472 -0.001981377 0.03318822 -0.9994663 -0.001913964 0.03261047 -0.9994519 -0.001949548 0.03304761 -0.9994664 -0.001778066 0.03261798 -0.9994282 -0.002129554 0.03374683 -0.9994298 -0.002161324 0.03369736 -0.9994314 -0.002194702 0.03364795 -0.999454 -0.002020835 0.03297907 -0.9994541 -0.002022683 0.03297883 -0.9994541 -0.002020657 0.03297805 -0.9994401 -0.001962602 0.03340137 -0.99944 -0.001985728 0.03340321 -0.9994399 -0.002007067 0.03340488 -0.9994513 -0.001929521 0.03306913 -0.9994512 -0.001929163 0.03306967 -0.9994513 -0.001927137 0.03306835 -0.9994431 -0.001980125 0.03330969 -0.9994509 -0.001893937 0.03308016 -0.9994509 -0.001892864 0.03308135 -0.999451 -0.001893103 0.03308075 -0.9994522 -0.001894652 0.03304034 -0.9994521 -0.001892268 0.03304386 -0.9994522 -0.00189346 0.03304225 -0.999449 -0.002155125 0.03312277 -0.9994491 -0.002148449 0.03311902 -0.9994494 -0.002141296 0.03311443 -0.9994475 -0.00198245 0.03317946 -0.9994475 -0.001984179 0.03318172 -0.9994475 -0.001981616 0.0331794 -0.9994509 -0.002089738 0.03307193 -0.9994509 -0.002086758 0.03306913 -0.999451 -0.002084791 0.03306913 -0.99945 -0.00193578 0.03310775 -0.9994499 -0.001934885 0.03311061 -0.9994499 -0.001935541 0.03310912 -0.9994476 -0.00199002 0.03317481 -0.9994475 -0.001989006 0.03317761 -0.9994477 -0.001989364 0.03317582 -0.9994475 -0.001965939 0.0331813 -0.9994475 -0.00196588 0.03318005 -0.9994476 -0.001966178 0.03317672 -0.9994481 -0.002043783 0.03315764 -0.9994482 -0.002043128 0.03315377 -0.9994481 -0.002044081 0.0331577 -0.999448 -0.001865863 0.03317153 -0.9994479 -0.001866102 0.03317379 -0.9994481 -0.001865983 0.03317105 -0.9994477 -0.001942455 0.03317809 -0.9994477 -0.001941502 0.03317463 -0.9994478 -0.001940846 0.03317296 -0.9994481 -0.002026438 0.03315931 -0.999448 -0.00202614 0.03316259 -0.999448 -0.0020262 0.03316253 -0.9994479 -0.001966655 0.03316783 -0.999448 -0.001966655 0.03316384 -0.999448 -0.001966655 0.03316646 -0.9994475 -0.001906037 0.03318297 -0.9994476 -0.001906812 0.0331819 -0.9994474 -0.001907765 0.03318887 -0.9994477 -0.001985251 0.03317403 -0.9994476 -0.001985371 0.03317517 -0.9994476 -0.001985371 0.03317523 -0.9994487 -0.001809239 0.03315323 -0.999449 -0.001809298 0.03314632 -0.999449 -0.00180912 0.03314441 -0.9994481 -0.00208801 0.03315585 -0.9994484 -0.002040624 0.03314983 -0.9994482 -0.002040326 0.03315329 -0.9994471 -0.001970112 0.03319412 -0.999447 -0.001968979 0.03319483 -0.9994469 -0.001969397 0.03319585 -0.9994472 -0.00193125 0.03319227 -0.9994472 -0.001931309 0.03319108 -0.9994472 -0.001931071 0.03318941 -0.9994488 -0.002015173 0.03313636 -0.999449 -0.00201404 0.03313255 -0.9994489 -0.002014935 0.03313559 -0.9994483 -0.00206083 0.03315162 -0.9994487 -0.002062678 0.03314012 -0.9994487 -0.002062499 0.03313839 -0.9994468 -0.001895606 0.03320556 -0.9994468 -0.001895368 0.03320443 -0.9994468 -0.001895785 0.0332058 -0.9994513 -0.00198853 0.03306353 -0.9994515 -0.001987993 0.03305983 -0.9994515 -0.001985847 0.03306132 -0.9994488 -0.002080678 0.03313362 -0.9994489 -0.002082288 0.03312963 -0.9994488 -0.002080976 0.03313267 -0.9994424 -0.002178192 0.03332018 -0.9994425 -0.00217694 0.03331893 -0.9994423 -0.002176403 0.03332275 -0.9994481 -0.001978516 0.03316301 -0.999448 -0.001980006 0.03316557 -0.999448 -0.001980721 0.03316628 -0.9994488 -0.0020262 0.03313642 -0.9994489 -0.002023458 0.03313457 -0.9994489 -0.002023875 0.03313434 -0.9994415 -0.002113521 0.03335225 -0.9994414 -0.002119481 0.03335529 -0.9994413 -0.002124905 0.03335833 -0.9994462 -0.001994907 0.03321653 -0.9994466 -0.001999914 0.0332061 -0.9994456 -0.002038657 0.03323137 -0.9994458 -0.001989126 0.03323185 -0.9994489 -0.002067506 0.03313118 -0.9994488 -0.00206691 0.03313428 -0.9994488 -0.002067446 0.03313231 -0.9994575 -0.0018 0.03288823 -0.9994573 -0.001808226 0.0328902 -0.9994571 -0.001806259 0.03290104 -0.9994422 -0.002025306 0.03333783 -0.9994421 -0.002022147 0.03334045 -0.9994421 -0.002021729 0.03333926 -0.9994488 -0.002060949 0.03313452 -0.9994491 -0.002064764 0.03312504 -0.9994493 -0.002061545 0.03312039 -0.9994396 -0.002041518 0.03341174 -0.9994399 -0.002047955 0.0334044 -0.9994397 -0.002042829 0.03340905 -0.9994454 -0.002000391 0.03324031 -0.9994454 -0.00199908 0.03324061 -0.9994454 -0.001999497 0.03324049 -0.9994379 -0.002030134 0.03346389 -0.9994326 -0.002107679 0.03361982 -0.9994277 -0.002027928 0.03376793 -0.9994283 -0.002009153 0.03375083 -0.9994283 -0.002012312 0.03375077 -0.9994283 -0.002019107 0.03375029 -0.999447 -0.001965403 0.03319638 -0.9994469 -0.001967191 0.03319793 -0.999447 -0.001965165 0.03319543 -0.9994496 -0.001980483 0.0331158 -0.9994475 -0.001977622 0.03318023 -0.9994474 -0.001977741 0.03318029 -0.9994474 -0.001978099 0.03318041 -0.9994473 -0.001973271 0.03318578 -0.9994473 -0.001974105 0.03318506 -0.9994474 -0.001975238 0.03318542 -0.99945 -0.001957893 0.03310638 -0.99945 -0.001957774 0.03310632 -0.9994499 -0.001958847 0.0331065 -0.9993863 0.001087903 0.03501421 -0.9994928 2.8451e-5 0.03184723 -0.9994681 3.65794e-4 0.0326119 -0.9994432 -0.002043724 0.03330242 -0.9994434 -0.002041161 0.0332992 -0.9994432 -0.002046942 0.03330528 -0.999449 -0.001827359 0.03314286 -0.9994489 -0.001830875 0.03314584 -0.9994489 -0.001826703 0.03314429 -0.9994421 -0.001920282 0.0333442 -0.999442 -0.001946151 0.03334707 -0.9994424 -0.001952946 0.03333276 -0.9994525 -0.002025783 0.03302633 -0.9994525 -0.00202614 0.03302597 -0.9994525 -0.002025902 0.03302675 -0.9994543 -0.002076327 0.03296804 -0.9994537 -0.002044558 0.03298729 -0.9994537 -0.002059996 0.03298717 -0.9994493 -0.001781761 0.03313654 -0.9994493 -0.001784145 0.03313624 -0.9994494 -0.001784324 0.03313231 -0.9994527 -0.002002596 0.03301984 -0.9994528 -0.002000689 0.03301781 -0.9994527 -0.002002298 0.03302234 -0.9994435 -0.002061963 0.03329467 -0.9994435 -0.002058684 0.03329461 -0.9994435 -0.002059876 0.03329414 -0.9994487 -0.001701414 0.03315788 -0.9994488 -0.001701653 0.03315484 -0.9994482 -0.001660108 0.03317552 -0.9994431 -0.001721322 0.03332632 -0.9994431 -0.001723349 0.03332704 -0.9994431 -0.001724839 0.03332543 -0.9994475 -0.001933217 0.03318363 -0.9994475 -0.001932442 0.03318166 -0.9994475 -0.001933157 0.03318357 -0.9994495 -0.002059578 0.0331158 -0.9994493 -0.002060949 0.03311824 -0.9994495 -0.00206083 0.03311365 -0.999449 -0.00207138 0.03312927 -0.9994488 -0.002070546 0.03313475 -0.9994488 -0.002069234 0.03313255 -0.9994488 -0.00192219 0.0331425 -0.9994487 -0.001920819 0.03314846 -0.9994486 -0.001919627 0.03314882 -0.9994485 -0.001986622 0.03314989 -0.9994485 -0.001986443 0.03314679 -0.9994484 -0.00198698 0.03315114 -0.9994479 -0.001990675 0.03316634 -0.9994478 -0.001990616 0.03316789 -0.9994478 -0.001990854 0.03316766 -0.9994457 -0.002140879 0.03322303 -0.9994455 -0.002139389 0.03322869 -0.9994455 -0.00213921 0.03322803 -0.9994513 -0.001750648 0.03307861 -0.9994514 -0.001750767 0.03307515 -0.9994513 -0.001748442 0.03307938 -0.9994428 -0.001940131 0.03332436 -0.9994428 -0.001942634 0.03332316 -0.9994429 -0.001945853 0.03332048 -0.9994497 -0.001848876 0.03311872 -0.9994497 -0.001849472 0.03312075 -0.9994498 -0.001852154 0.03311866 -0.9994518 -0.001796782 0.03306001 -0.9994518 -0.001796007 0.03306162 -0.9994518 -0.001796782 0.03305971 -0.999446 -0.001838684 0.03323209 -0.9994449 -0.001872599 0.03326618 -0.9994448 -0.00187093 0.03326797 -0.9994505 -0.001970887 0.03309172 -0.9994503 -0.001957595 0.03309875 -0.9994503 -0.001953125 0.03309637 -0.9994509 -0.001910328 0.03307813 -0.999451 -0.001910448 0.03307878 -0.9994511 -0.001911342 0.03307723 -0.9994504 -0.001888036 0.0330969 -0.9994503 -0.001882195 0.03310042 -0.9994505 -0.001887738 0.0330944 -0.9994434 -0.002020537 0.033302 -0.9994435 -0.002029836 0.03329873 -0.9994435 -0.002026796 0.03329926 -0.9994719 -0.001824796 0.03244435 -0.999473 -0.001802325 0.03241163 -0.9994725 -0.001787662 0.03242838 -0.9994538 -0.001971185 0.0329892 -0.9994538 -0.001970589 0.03298902 -0.9994538 -0.001968741 0.03298974 -0.9994735 -0.001610696 0.03240704 -0.9994713 -0.001617968 0.03247517 -0.9994693 -0.001657485 0.03253483 -0.9994617 -0.001961946 0.03274905 -0.9994618 -0.001966595 0.03274834 -0.9994617 -0.0019719 0.03274774 -0.9994443 -0.00198853 0.033275 0.9994494 0.001973211 -0.03312516 0.9994481 0.001980185 -0.03316003 0.999448 0.00197941 -0.0331633 0.9994478 0.001980185 -0.03317016 0.9994478 0.001980185 -0.03316861 0.9994478 0.001980364 -0.03316873 0.999448 0.001980543 -0.03316473 0.999448 0.001980125 -0.03316658 0.9994478 0.001980423 -0.03316766 0.9994464 0.001978695 -0.03321218 0.9994479 0.001980006 -0.03316712 0.9994512 0.001974344 -0.03306603 0.9994481 0.001980185 -0.03316402 0.9994481 0.001980245 -0.03316205 0.999448 0.001980245 -0.03316479 0.9994479 0.001980423 -0.03316861 0.9994478 0.001980364 -0.03316891 0.9994478 0.001982092 -0.03317153 0.9994478 0.001980185 -0.03316885 0.9994481 0.001980066 -0.03316235 0.9994496 0.001979649 -0.03311669 0.9994481 0.001980006 -0.03316062 0.9994477 0.001982748 -0.03317123 0.9994473 0.001977145 -0.03318536 0.9994481 0.001980245 -0.03316152 0.9994478 0.001980423 -0.0331701 0.9994479 0.001980483 -0.03316855 0.999448 0.001976311 -0.03316575 0.9994478 0.001980304 -0.03316843 0.9994479 0.001980185 -0.03316855 0.999448 0.001980185 -0.03316515 0.9994479 0.001980245 -0.0331664 0.9994478 0.001980245 -0.03316909 0.9994478 0.001980245 -0.03317064 0.9994487 0.001980304 -0.03314268 0.9994478 0.001980364 -0.03317052 0.999448 0.001980125 -0.03316479 0.9994481 0.001980245 -0.03316068 0.9994479 0.001980423 -0.03316694 0.999448 0.001980125 -0.03316551 0.9994481 0.001980125 -0.03316283 0.999448 0.001980304 -0.03316724 0.9994479 0.001980185 -0.03316658 0.999448 0.001980245 -0.0331645 0.999448 0.001980245 -0.03316694 0.999448 0.001980245 -0.0331642 0.999448 0.001980245 -0.03316605 0.9994485 0.001978099 -0.03314632 0.9994479 0.001980543 -0.03316825 0.9994491 0.001984119 -0.03312939 0.9994478 0.001981139 -0.03316968 0.9994481 0.001980125 -0.03316253 0.9994478 0.001980125 -0.0331676 0.999448 0.001980483 -0.03316521 0.999448 0.001980245 -0.03316575 0.999448 0.001980066 -0.03316366 0.9994478 0.001980006 -0.0331723 0.9994478 0.001980185 -0.03317004 0.9994481 0.001980185 -0.03316199 0.999448 0.001980304 -0.03316688 0.9994468 0.001980006 -0.0332027 0.9994481 0.001980006 -0.03316193 0.999448 0.001980245 -0.03316444 0.999448 0.001980066 -0.03316301 0.9994474 0.001980006 -0.03318208 0.9994477 0.001979947 -0.03317219 0.9994479 0.001980185 -0.0331673 0.9994476 0.001980185 -0.03317612 0.999448 0.001980423 -0.03316551 0.9994478 0.001980245 -0.03316795 0.9994479 0.001980364 -0.03316855 0.999448 0.001980185 -0.03316581 0.9994479 0.001980245 -0.03316682 0.9994479 0.001980185 -0.03316724 0.9994479 0.001980245 -0.03316754 0.999448 0.001980125 -0.03316587 0.9994478 0.001980543 -0.03316992 0.9994481 0.001980245 -0.03316104 0.999448 0.001980423 -0.03316634 0.9994481 0.001980245 -0.03316354 0.9994482 0.001980364 -0.03315806 0.9994478 0.001980185 -0.03316926 0.9994479 0.001980185 -0.03316855 0.9994477 0.001980245 -0.03317129 0.9994481 0.001980185 -0.03315937 0.999448 0.001980245 -0.03316605 0.9994481 0.001980185 -0.03316342 0.9994478 0.001980364 -0.03316962 0.9994481 0.001980125 -0.03316164 0.999448 0.001980364 -0.03316426 0.9994447 0.001981437 -0.0332635 0.999448 0.001980304 -0.0331636 0.9994488 0.001980245 -0.03314173 0.9994479 0.001980423 -0.03316742 0.9994479 0.001980483 -0.03316724 0.9994479 0.001980185 -0.03316712 0.999448 0.001980304 -0.03316539 0.9994482 0.001980245 -0.03315705 0.9994475 0.001980185 -0.03317755 0.999448 0.001980245 -0.03316491 0.999448 0.001980185 -0.03316408 0.9994478 0.001980125 -0.03316998 0.9994479 0.001980185 -0.03316712 0.9994474 0.001980245 -0.03318077 0.9994475 0.001981854 -0.03317975 0.9994482 0.001980125 -0.03315788 0.999448 0.001980125 -0.0331645 0.9994478 0.001980185 -0.03316855 0.9994479 0.001980245 -0.03316849 0.999448 0.001980185 -0.03316265 0.9994481 0.001980245 -0.03316396 0.999448 0.001980245 -0.0331667 0.9994482 0.001980245 -0.03315585 0.999448 0.001980185 -0.03316587 0.9994476 0.001980245 -0.03317689 0.9994479 0.001979887 -0.03316915 0.9994478 0.001980364 -0.03316813 0.999448 0.001980245 -0.03316599 0.9994482 0.001980662 -0.03315687 0.9994478 0.001980364 -0.03316777 0.999446 0.001975417 -0.03322529 0.9994505 0.001985251 -0.03308695 0.9994479 0.001980245 -0.03316932 0.9994482 0.001980721 -0.03315848 0.9994472 0.00197947 -0.03318887 0.999448 0.001980185 -0.0331673 0.9994479 0.001980304 -0.03316617 0.9994479 0.001980364 -0.03316706 0.9994481 0.001980185 -0.03316289 0.999448 0.001980066 -0.03316479 0.999448 0.001980245 -0.03316479 0.9994477 0.001980125 -0.03317177 0.9994477 0.001980066 -0.03317153 0.999446 0.00197941 -0.03322482 0.9994484 0.001980602 -0.03315478 0.9994473 0.001980423 -0.03318476 0.999449 0.001981139 -0.03313553 0.999448 0.001980185 -0.03316444 0.999448 0.001980245 -0.03316676 0.9994479 0.001980245 -0.03316837 0.9994481 0.001980245 -0.03316253 0.9994513 0.00198549 -0.03306508 0.9994479 0.001980066 -0.03316658 0.9994484 0.00197947 -0.03315156 0.9994471 0.001980781 -0.03319406 0.999448 0.001980066 -0.03316599 0.9994482 0.001979589 -0.03315949 0.9994475 0.001980066 -0.03318089 0.9994485 0.001980483 -0.03314876 0.9994478 0.001980125 -0.03317034 0.9994478 0.001980185 -0.03316783 0.9994482 0.001980125 -0.03315901 0.999448 0.001980245 -0.0331642 0.999448 0.001980245 -0.03316628 0.999449 0.001981496 -0.03313463 0.9994479 0.001980125 -0.03316622 0.9994494 0.001980006 -0.03312152 0.999448 0.001980185 -0.03316682 0.9994481 0.001980602 -0.03316366 0.9994479 0.001980006 -0.03316628 0.9994493 0.001977145 -0.03312635 0.9994483 0.001979708 -0.03315389 0.999448 0.001980841 -0.03316527 0.9994482 0.001980185 -0.03315919 0.999448 0.001980245 -0.0331645 0.9994493 0.001980185 -0.03312563 0.9994469 0.001980245 -0.03319525 0.999448 0.001980364 -0.03316307 0.9994474 0.001980245 -0.03318208 0.708729 8.52503e-4 -0.7054803 0.7087265 8.48583e-4 -0.7054829 0.7092037 -0.1153576 -0.6955018 0.7205716 -0.5777804 -0.3833358 0.7227033 -0.6120848 -0.3210176 0.7226961 -0.6120186 -0.3211599 0.7104816 -0.2266132 -0.6662301 0.7093064 -0.1152195 -0.6954199 0.7104822 -0.2265728 -0.6662431 0.7162052 -0.4777301 -0.5087476 0.7141097 -0.4094236 -0.5678202 0.7162119 -0.4777676 -0.508703 0.7121499 -0.3256431 -0.6219319 0.71215 -0.3255952 -0.6219568 0.7141136 -0.4094009 -0.5678315 0.7247598 -0.6379308 -0.2603223 0.7247751 -0.6380947 -0.2598773 0.7268271 -0.6571871 -0.1995686 0.7183854 -0.5335325 -0.4463918 0.7205703 -0.5778177 -0.3832823 0.7183859 -0.5334489 -0.4464906 0.7307422 -0.6776487 -0.08251273 0.7307406 -0.6776499 -0.08251643 0.7326855 -0.6801308 -0.02437204 0.7268077 -0.6570681 -0.2000302 0.7287918 -0.6700847 -0.1408871 0.728793 -0.6700855 -0.1408768 0.736536 -0.6700995 0.09209436 0.7384364 -0.657284 0.1506309 0.7365352 -0.6701017 0.092085 0.7346087 -0.6776503 0.03376579 0.7346071 -0.6776524 0.0337609 0.732686 -0.6801303 -0.02437293 0.7443825 -0.5780476 0.3342991 0.7423874 -0.6121411 0.2722945 0.7423902 -0.6121327 0.2723056 0.740408 -0.638208 0.2109187 0.7384682 -0.6571211 0.151184 0.7404075 -0.6382063 0.2109254 0.7483578 -0.4777941 0.4600798 0.7463905 -0.5337506 0.3975067 0.7463901 -0.5337314 0.3975334 0.7443943 -0.5780265 0.334309 0.7501999 -0.4087647 0.5197227 0.7483561 -0.4778208 0.4600549 0.7501992 -0.4087349 0.519747 0.751834 -0.3245536 0.5739431 0.7530993 -0.225344 0.6181114 0.7518325 -0.3245919 0.5739235 0.7538446 -0.114229 0.6470472 0.753107 -0.2252768 0.6181265 0.7537614 -0.1141094 0.6471654 0.7539461 0.002028286 0.6569333 0.7539423 0.002016961 0.6569377 0.753926 0.002021789 0.6569563 0.753926 0.002021789 0.6569563 0.7539259 0.002021789 0.6569563 0.7540523 0.002021849 0.6568114 0.7540523 0.002022087 0.6568114 0.7540523 0.002021908 0.6568114 0.7539364 0.002237439 0.6569437 0.7539457 0.002236783 0.6569329 0.7533497 0.1205062 0.6464847 0.741961 0.5832705 0.3305895 0.7398299 0.6169232 0.2684355 0.7398256 0.6170187 0.2682276 0.7521597 0.2317641 0.6168804 0.7533565 0.120576 0.6464639 0.7521589 0.2318065 0.6168653 0.7463551 0.4838128 0.4570332 0.7484818 0.4152436 0.517057 0.7463564 0.4837426 0.4571053 0.7504667 0.331287 0.5718817 0.7504691 0.3311983 0.5719299 0.7484771 0.4153503 0.5169782 0.737742 0.6425417 0.2070677 0.7377432 0.642477 0.207264 0.7357219 0.6610031 0.1476083 0.7441536 0.5394825 0.3939468 0.741962 0.5832753 0.330579 0.7441556 0.5393836 0.3940784 0.731803 0.6808354 0.03045648 0.7318081 0.6808294 0.03046959 0.7298629 0.6830397 -0.0275126 0.7357199 0.6610814 0.1472678 0.733749 0.6736174 0.08861166 0.7337567 0.6736097 0.08860683 0.7260559 0.6725351 -0.1433158 0.7241322 0.6593929 -0.2020729 0.7260355 0.6724861 -0.1436486 0.727963 0.680266 -0.08548706 0.7279656 0.6802644 -0.0854786 0.7298637 0.6830389 -0.02751272 0.7182224 0.5795433 -0.3850794 0.7202048 0.6138931 -0.3231725 0.7202105 0.6139637 -0.3230254 0.7221837 0.6401528 -0.2620213 0.7241172 0.6592697 -0.2025284 0.722179 0.6401175 -0.2621203 0.7142699 0.4792255 -0.5100603 0.7162204 0.5351678 -0.4479106 0.7162186 0.535122 -0.4479681 0.7182217 0.5795585 -0.3850581 0.7124376 0.41003 -0.5694806 0.714266 0.479105 -0.5101789 0.7124358 0.410106 -0.5694282 0.7108251 0.3262521 -0.6231271 0.7095695 0.2275144 -0.6668946 0.7108224 0.3261685 -0.6231739 0.7088491 0.1169075 -0.6956045 0.7095699 0.2277842 -0.6668021 0.7088031 0.1171019 -0.6956186 0.7087314 8.74143e-4 -0.705478 0.7087273 8.76015e-4 -0.7054821 0.7087177 8.76159e-4 -0.7054918 0.7087177 8.76138e-4 -0.7054918 0.7087177 8.76165e-4 -0.7054917 0.7087156 8.76208e-4 -0.7054938 0.7087156 8.7615e-4 -0.7054938 0.7087156 8.76156e-4 -0.7054938 0.9994476 0.001980364 -0.03317618 0.9994477 0.00196737 -0.0331754 0.9994486 0.001991868 -0.03314495 0.9994481 0.001988708 -0.03315865 0.9994508 0.002021253 -0.03307652 0.9994484 0.001982688 -0.03315186 0.9994466 0.001957654 -0.03320491 0.9994468 0.002008318 -0.03319793 0.9994475 0.001979768 -0.03317844 0.9994475 0.001979529 -0.03317999 0.9994483 0.001985073 -0.0331549 0.9994478 0.001975476 -0.03317046 0.9994482 0.001980602 -0.03315812 0.9994477 0.001972794 -0.03317248 0.999448 0.001980781 -0.03316575 0.9994481 0.001981258 -0.03316271 0.9994479 0.001981914 -0.03316712 0.9994481 0.001983284 -0.03316313 0.9994478 0.001976013 -0.03317004 0.9994479 0.00198096 -0.03316825 0.9994481 0.001984417 -0.03315973 0.9994477 0.001970648 -0.03317505 0.9994483 0.001988232 -0.03315609 0.9994478 0.001981616 -0.03317087 0.9994482 0.001981258 -0.03315848 0.9994475 0.001968324 -0.03317934 0.9994474 0.001963376 -0.0331847 0.9994487 0.002000689 -0.03314489 0.9994529 0.002168715 -0.03300553 0.9994462 0.001921236 -0.03322428 0.9994475 0.002001643 -0.03317844 0.9994503 0.002035379 -0.03309321 0.9994485 0.001984357 -0.03314924 0.9994478 0.00195378 -0.03317087 0.999448 0.001996099 -0.03316354 -0.02246683 0.7775248 -0.6284509 -0.02274948 0.7654976 -0.6430366 -0.02625322 0.6600486 -0.7507641 -0.03262805 -0.1278365 -0.9912585 -0.03325277 0.04161304 -0.9985803 -0.03317916 -8.79099e-4 -0.9994491 -0.01826453 0.8655929 -0.5004153 -0.01799565 0.8726116 -0.4880834 -0.0131011 0.9425927 -0.3336874 -0.01322352 0.9393983 -0.3425727 -0.0077551 0.9854779 -0.1696271 -0.007665693 0.9846587 -0.1743227 -0.002000033 0.9999977 -8.0579e-4 -0.002073585 0.9999976 -8.18713e-4 -0.02662587 0.6421448 -0.7661209 -0.02968889 0.4992799 -0.865932 -0.02928102 0.5235693 -0.8514798 -0.03151971 0.3720728 -0.9276682 -0.03190004 0.3412346 -0.9394368 -0.03296703 0.1728087 -0.9844036 -0.03284525 0.2098874 -0.9771737 -0.02548199 -0.5953279 -0.8030787 -0.02873528 -0.4509575 -0.8920828 -0.02799218 -0.4844406 -0.8743761 -0.0311371 -0.2935976 -0.9554219 -0.0322858 -0.1683619 -0.9851964 -0.03061419 -0.3310827 -0.943105 -0.01588529 -0.8471722 -0.531081 -0.01185476 -0.9115735 -0.4109664 -0.01695358 -0.8289783 -0.5590239 -0.02467721 -0.6241283 -0.7809321 -0.02056211 -0.7462002 -0.665404 -0.02153909 -0.7225452 -0.6909881 -7.63203e-4 -0.9964664 -0.08398956 1.60844e-4 -0.9984717 -0.05526727 0.004795074 -0.9963237 0.08553403 -0.006473481 -0.9679441 -0.2510823 -0.01082623 -0.9241979 -0.3817608 -0.005432546 -0.9751121 -0.2216461 0.0201919 -0.8280446 0.5602986 0.01546376 -0.9108803 0.4123808 0.01615923 -0.9006021 0.4343441 0.01115936 -0.9606804 0.2774326 0.01026135 -0.9675192 0.2525892 0.005736589 -0.9936154 0.1126753 0.02826946 -0.577986 0.815557 0.03052133 -0.4494458 0.8927862 0.02784806 -0.5939381 0.8040286 0.0209288 -0.8150727 0.5789807 0.02488535 -0.7065031 0.7072724 0.02434223 -0.7213805 0.692111 0.03314226 -0.1261778 0.9914539 0.03334623 -0.1111422 0.9932449 0.03299468 0.04328614 0.9985178 0.03229618 -0.2920242 0.9558655 0.03068864 -0.43315 0.9007993 0.03240579 -0.2760307 0.9606024 0.0271393 0.5250337 0.8506487 0.02990734 0.3736488 0.9270881 0.03004616 0.3834826 0.9230594 0.03191447 0.2233411 0.9742178 0.03188687 0.211497 0.9768584 0.03305357 0.05690652 0.9978322 0.02701884 0.5327451 0.8458443 0.02350538 0.661295 0.7497577 0.02324962 0.6670099 0.7446861 0.0192269 0.7785539 0.6272832 0.01389789 0.873466 0.4866867 0.01906073 0.7823588 0.6225364 0.0143249 0.8756398 0.4827523 0.00880891 0.9431256 0.33232 0.009275853 0.9441695 0.3293296 0.003441929 0.9857566 0.1681432 0.003650367 0.9859944 0.1667384 0.9994479 0.001978695 -0.03316873 0.999448 0.001981556 -0.0331645 0.999448 0.001981616 -0.0331642 0.9994479 0.001979529 -0.03316652 0.999448 0.001983404 -0.03316521 0.9994479 0.001977264 -0.03316766 0.999448 0.001983106 -0.03316378 0.9994478 0.001981317 -0.03316926 0.9994478 0.001979649 -0.03316915 0.999448 0.001980364 -0.03316736 0.9994481 0.001980602 -0.0331633 0.9994478 0.001978337 -0.03316819 0.999448 0.001981794 -0.03316503 0.9994479 0.001979589 -0.03316682 0.999448 0.001981377 -0.0331639 0.999448 0.001979768 -0.0331664 0.999448 0.001981556 -0.03316539 0.999448 0.001979947 -0.03316563 0.999448 0.001981079 -0.03316468 0.999448 0.001980662 -0.03316462 0.9994479 0.001980304 -0.03316664 0.9994479 0.001979827 -0.03316783 0.999448 0.001980304 -0.03316527 0.999448 0.001980364 -0.03316575 0.999448 0.001980125 -0.03316545 0.999448 0.001981973 -0.03316533 0.999448 0.0019809 -0.03316497 0.9994479 0.001977384 -0.03316926 0.9994475 0.001976191 -0.03317868 0.9994481 0.001984596 -0.03316164 0.9994478 0.001980006 -0.03316956 0.999448 0.001974225 -0.03316521 0.999448 0.001978695 -0.0331676 0.999448 0.00198239 -0.0331664 0.999448 0.001979768 -0.03316605 0.999448 0.001981317 -0.03316432 0.999448 0.001973688 -0.03316843 0.9994477 0.001972436 -0.03317523 0.9994479 0.001978933 -0.03316652 0.9994482 0.001983582 -0.03315705 0.999448 0.001980483 -0.03316569 0.9994479 0.00197941 -0.03316825 0.999448 0.001980423 -0.03316527 0.999448 0.001981616 -0.03316515 0.9994478 0.001978635 -0.03316783 0.9994479 0.001980185 -0.03316617 0.9994479 0.001980483 -0.03316605 0.9994479 0.001979589 -0.03316676 0.9994479 0.001979231 -0.03316819 0.9994479 0.001977682 -0.03316724 0.999448 0.001982331 -0.03316342 0.999448 0.001981437 -0.0331645 0.9994477 0.001971483 -0.03317612 0.999448 0.001981616 -0.0331642 0.9994479 0.00197947 -0.03316932 0.9994478 0.001978754 -0.03316777 0.999448 0.001983344 -0.03316289 0.999448 0.001982331 -0.03316313 0.9994479 0.001977741 -0.03316801 0.9994478 0.00197941 -0.03316795 0.9994481 0.001981735 -0.03316324 0.999448 0.001981019 -0.03316473 0.999448 0.001980245 -0.03316515 0.9994479 0.001979649 -0.03316724 0.999448 0.001981735 -0.03316557 0.999448 0.001978874 -0.0331667 0.999448 0.001980602 -0.03316569 0.999448 0.001980543 -0.03316557 0.9994479 0.00197941 -0.03316599 0.9994479 0.001978576 -0.03316831 0.02338719 0.7051888 -0.7086338 -0.007660567 0.7062838 -0.7078874 -0.0884667 0.7023652 -0.7062981 -0.7091144 0.1179525 -0.6951576 -0.6810263 0.2290936 -0.6954993 -0.6830036 0.2231695 -0.6954866 -0.5757831 0.4262571 -0.6976952 -0.4979032 0.5127966 -0.6993798 -0.5102639 0.5008818 -0.6991053 -0.1920881 -0.6848005 -0.7029584 -0.1864081 -0.686389 -0.7029383 -0.08412873 -0.7042687 -0.7049313 -0.5836665 0.4156591 -0.6975392 -0.6409065 0.3231762 -0.696273 -0.6365066 0.3316295 -0.6963341 0.2257778 0.6651546 -0.711754 0.1081146 0.6956801 -0.7101693 0.1401003 0.6893553 -0.7107469 -0.7096044 0.1148657 -0.6951745 -0.7189413 -0.00200212 -0.695068 -0.7189182 -0.001954019 -0.695092 -0.419801 0.5769611 -0.7006306 -0.4029696 0.5885479 -0.7008758 -0.3011257 0.6449211 -0.7024245 -0.3209168 0.6357685 -0.7020049 -0.1964235 0.6823336 -0.7041582 -0.2191957 0.6759139 -0.703629 -0.1150485 0.699168 -0.7056401 0.2543715 0.6543378 -0.7121357 0.3318665 0.6177344 -0.7129298 0.5741382 0.3948481 -0.7172589 0.5050929 0.4822843 -0.7157396 0.5207291 0.4648113 -0.7160947 0.4246004 0.5564751 -0.7141779 0.3552989 0.604142 -0.7132849 0.4436683 0.5408566 -0.7145857 0.6707575 0.1837027 -0.7185664 0.6760484 0.163181 -0.7185614 0.6915423 0.07459872 -0.7184737 0.5868603 0.3751074 -0.717558 0.6405509 0.2712302 -0.7184211 0.6310732 0.2928194 -0.7183338 0.6767488 -0.1602535 -0.7185611 0.6472432 -0.2545313 -0.7185333 0.6803476 -0.1441035 -0.718583 0.6936314 -0.05162471 -0.7184779 0.6946997 -0.03453594 -0.7184703 0.6933396 0.05567038 -0.7184575 0.4529355 -0.5339511 -0.7139648 0.5296244 -0.455086 -0.7158176 0.5207864 -0.4654106 -0.7156638 0.5950697 -0.3619447 -0.717557 0.6413217 -0.2693338 -0.7184469 0.5872102 -0.3748623 -0.7173998 0.2644729 -0.6516991 -0.7108744 0.2555995 -0.6553441 -0.7107694 0.1509964 -0.6885444 -0.7093002 0.4436256 -0.5418933 -0.7138264 0.3556233 -0.6052069 -0.7122197 0.3648927 -0.5995367 -0.7123267 -0.07722258 -0.7050695 -0.7049211 0.02725863 -0.7065353 -0.7071527 0.03502017 -0.7061498 -0.7071959 0.1426983 -0.6903246 -0.7092879 -0.2974127 -0.6477755 -0.7013791 -0.3969095 -0.5935502 -0.700115 -0.2928588 -0.6498051 -0.7014179 -0.399964 -0.5914201 -0.7001794 -0.4959273 -0.5155395 -0.698767 -0.4940773 -0.5174481 -0.6986666 -0.5743777 -0.428892 -0.6972388 -0.6353514 -0.3345012 -0.6960155 -0.5731715 -0.4305254 -0.6972247 -0.6345832 -0.3360304 -0.6959798 -0.6797166 -0.2336518 -0.6952642 -0.7084697 -0.1224782 -0.6950322 -0.6801213 -0.2323194 -0.695315 -0.7085579 -0.1215594 -0.6951037 -4.98444e-4 -7.78593e-4 -0.9999997 -0.1454865 0.07457625 -0.9865455 -0.1556317 0.05128103 -0.9864832 -0.04518431 0.1540997 -0.9870216 -0.06900185 0.1455308 -0.9869446 -5.0085e-4 -8.0236e-4 -0.9999996 -0.6816311 0.2278919 -0.6953017 -0.7092776 0.1171838 -0.6951211 -0.5646769 0.1886082 -0.8034718 -5.45517e-4 -7.68211e-4 -0.9999996 -0.5875633 0.09690386 -0.8033548 -0.4375835 0.1459389 -0.8872557 -0.1315634 0.09601789 -0.9866467 -4.75116e-4 -8.19355e-4 -0.9999996 -0.1137378 0.1155486 -0.9867686 -0.7189107 -0.001981794 -0.6950996 -5.06479e-4 -7.89732e-4 -0.9999997 -0.09209507 0.1326575 -0.9868741 -4.93053e-4 -7.88532e-4 -0.9999996 -0.02066278 0.1586124 -0.9871248 -5.16196e-4 -7.85284e-4 -0.9999997 -5.1356e-4 -7.74123e-4 -0.9999996 -4.96924e-4 -8.30822e-4 -0.9999995 0.05629855 0.1475085 -0.9874573 -4.95691e-4 -7.09929e-4 -0.9999997 -4.75373e-4 -7.12864e-4 -0.9999997 0.03079426 0.1554576 -0.9873625 0.004645109 0.1591337 -0.9872462 -5.08482e-4 -7.70099e-4 -0.9999996 -4.13336e-4 -7.02605e-4 -0.9999998 0.1164787 0.1047411 -0.9876549 -4.51028e-4 -7.26964e-4 -0.9999997 -4.54079e-4 -7.06129e-4 -0.9999997 0.09898024 0.122049 -0.9875763 0.07898664 0.1363299 -0.9875097 -3.96661e-4 -7.39691e-4 -0.9999997 -3.95246e-4 -7.61086e-4 -0.9999997 0.1518621 0.03592556 -0.9877487 0.1315513 0.08429783 -0.9877187 -4.1943e-4 -7.36397e-4 -0.9999997 0.1437785 0.06053489 -0.9877567 0.1520234 -0.03714865 -0.9876786 -4.30837e-4 -7.9334e-4 -0.9999996 -4.46491e-4 -7.98173e-4 -0.9999997 0.1558828 -0.01281106 -0.9876925 0.1558038 0.01149672 -0.9877211 -4.3498e-4 -7.80622e-4 -0.9999997 -4.64745e-4 -8.22723e-4 -0.9999997 0.1172237 -0.1056001 -0.9874752 -4.40862e-4 -8.26459e-4 -0.9999997 -4.3413e-4 -8.10824e-4 -0.9999997 0.1320713 -0.08517062 -0.9875744 0.1440929 -0.06159597 -0.9876453 -4.93396e-4 -8.11756e-4 -0.9999996 -4.93244e-4 -8.32424e-4 -0.9999996 0.05703884 -0.1486274 -0.987247 0.09979021 -0.1228887 -0.9873907 -4.85688e-4 -8.0508e-4 -0.9999997 0.07977735 -0.1372064 -0.9873247 0.005003809 -0.1605219 -0.9870196 -5.06354e-4 -8.28072e-4 -0.9999995 -0.02041155 -0.1601237 -0.986886 0.03132081 -0.1566432 -0.9871585 -5.04244e-4 -7.96013e-4 -0.9999997 -5.14459e-4 -8.0128e-4 -0.9999996 -5.01301e-4 -7.63975e-4 -0.9999996 -0.04494899 -0.1556793 -0.9867845 -4.80466e-4 -7.46697e-4 -0.9999997 -0.09176021 -0.1345621 -0.9866474 -0.06871163 -0.147206 -0.9867163 -0.1133247 -0.1176043 -0.9865733 -4.99882e-4 -7.70763e-4 -0.9999996 -0.1312119 -0.09822839 -0.9864759 -4.97438e-4 -7.67078e-4 -0.9999997 -5.07474e-4 -7.9152e-4 -0.9999996 -5.22263e-4 -7.86835e-4 -0.9999996 -0.1451805 -0.07682847 -0.9864178 -5.21198e-4 -7.78542e-4 -0.9999997 -0.1554334 -0.05353814 -0.9863945 -0.1618203 -0.02828431 -0.9864149 -5.03354e-4 -7.74699e-4 -0.9999996 -0.3007904 -0.1030143 -0.9481104 -0.4613236 -0.001656889 -0.8872304 -0.5955113 -0.001819789 -0.8033449 -0.5871598 -0.1006736 -0.8031864 -0.408086 -0.2150043 -0.887265 -0.4368611 -0.1493029 -0.8870519 -0.708761 -0.1213169 -0.6949389 -0.4549368 -0.07820779 -0.8870829 -0.2547033 0.1870048 -0.9487653 -0.4090288 0.2116149 -0.8876455 -0.2816107 0.1453492 -0.9484562 -0.164079 -0.001091003 -0.9864466 -0.1619446 0.02607125 -0.9864555 -0.3175905 -0.001372754 -0.9482269 -5.54994e-4 -7.72227e-4 -0.9999996 -0.4552382 0.07487463 -0.8872159 -0.3134333 0.0512734 -0.948225 -0.3012652 0.1001703 -0.9482643 -0.2201634 0.2249386 -0.9491738 -0.178182 0.2581308 -0.9495366 -0.1334015 0.28315 -0.9497528 -0.08721011 0.2998284 -0.9499987 -0.03962129 0.3086512 -0.9503498 0.009525179 0.3096678 -0.9507972 0.06030607 0.3026016 -0.9512075 0.1098603 0.2872461 -0.9515358 0.1538988 0.2655137 -0.9517446 0.1927574 0.2378258 -0.9519892 0.2268489 0.2043139 -0.9522581 0.2560707 0.1645044 -0.9525576 0.2798634 0.1183601 -0.9527159 0.2955661 0.0705384 -0.9527146 0.3032124 0.02308714 -0.9526433 0.3033263 -0.0241276 -0.9525813 0.2959396 -0.07142418 -0.9525326 0.2805362 -0.1189523 -0.9524441 0.2571324 -0.1647676 -0.9522262 0.2281476 -0.204351 -0.9519398 0.1942948 -0.2379286 -0.9516509 0.1554806 -0.2657952 -0.9514088 0.1112684 -0.2878556 -0.9511879 0.06134521 -0.303466 -0.9508656 0.01022416 -0.310886 -0.9503923 -0.03911125 -0.3099926 -0.9499343 -0.08674377 -0.3014087 -0.9495412 -0.1328719 -0.2849892 -0.9492768 -0.1775158 -0.2602946 -0.9490705 -0.2193478 -0.22742 -0.9487711 -0.2539096 -0.1897127 -0.9484403 -0.2809838 -0.1482054 -0.9482001 -0.3132304 -0.05408561 -0.9481359 -0.3699973 0.272236 -0.8882508 -0.3199026 0.3275101 -0.8890442 -0.2589581 0.3759347 -0.8897269 -0.1938145 0.4122941 -0.8901964 -0.1266208 0.4365392 -0.8907305 -0.05739992 0.4494389 -0.8914651 0.0141133 0.4511345 -0.8923444 0.0880596 0.4408719 -0.8932399 0.1602547 0.4186882 -0.8938784 0.2243545 0.3869889 -0.894374 0.2809507 0.3467209 -0.894903 0.3306438 0.2979694 -0.8954825 0.3733545 0.2400959 -0.8960807 0.40807 0.1728432 -0.8964397 0.4309493 0.1031531 -0.8964609 0.442073 0.03401136 -0.896334 0.4421715 -0.0347625 -0.8962568 0.4314018 -0.1036582 -0.896185 0.4089216 -0.1728979 -0.896041 0.3747862 -0.2396307 -0.8956074 0.332588 -0.2973347 -0.8949733 0.2832249 -0.3461611 -0.8944027 0.2266833 -0.3867066 -0.8939087 0.162297 -0.418801 -0.893457 0.08960688 -0.4415106 -0.8927705 0.01515138 -0.452082 -0.8918477 -0.05666011 -0.4507015 -0.8908748 -0.1259459 -0.4380874 -0.8900657 -0.1930232 -0.4141493 -0.8895069 -0.2579465 -0.3782405 -0.8890433 -0.3186709 -0.3303186 -0.8884473 -0.3688522 -0.2754122 -0.8877478 -0.5637928 -0.1924297 -0.8031865 -0.528038 0.2735207 -0.8039667 -0.4777278 0.3518868 -0.8049546 -0.4131532 0.4234494 -0.8062227 -0.3344991 0.4861112 -0.8073453 -0.2503257 0.533119 -0.8081592 -0.1634922 0.5644398 -0.8091219 -0.07418668 0.5812056 -0.8103681 0.01842564 0.5835672 -0.8118559 0.1140863 0.5705043 -0.8133322 0.2074961 0.5419425 -0.8143979 0.2904427 0.5009435 -0.8152907 0.3637402 0.4489828 -0.8161541 0.4280436 0.385882 -0.8172356 0.4834787 0.3110837 -0.8182148 0.5284883 0.2240248 -0.8188487 0.5581508 0.1337962 -0.8188812 0.5723658 0.04433423 -0.818799 0.5725854 -0.04473066 -0.818624 0.5586292 -0.1338961 -0.8185385 0.5296187 -0.2235657 -0.8182436 0.4853437 -0.3099848 -0.8175274 0.4305964 -0.3845556 -0.8165193 0.3667162 -0.4477 -0.8155268 0.2934967 -0.5001473 -0.8146856 0.2102341 -0.5417193 -0.8138439 0.116117 -0.570919 -0.8127536 0.01975858 -0.5844086 -0.811219 -0.07309907 -0.5823922 -0.8096147 -0.1626151 -0.5658853 -0.8082885 -0.2493154 -0.5348296 -0.8073408 -0.3331818 -0.4884954 -0.8064503 -0.4115395 -0.4264929 -0.8054434 -0.476226 -0.3556037 -0.8042109 -0.526734 -0.2772861 -0.8035321 -0.6374243 0.3304206 -0.6960693 -0.5768588 0.4251863 -0.6974601 -0.4990818 0.5118749 -0.6992149 -0.4041731 0.5877482 -0.700854 -0.3024466 0.6445448 -0.7022023 -0.1975035 0.6824645 -0.703729 -0.08940559 0.7028989 -0.7056486 0.02240449 0.7059769 -0.7078804 0.138159 0.6904028 -0.71011 0.2512074 0.6559784 -0.7117495 0.3516248 0.606507 -0.7130985 0.4403558 0.5436414 -0.7145215 0.5183585 0.4674532 -0.716095 0.5856424 0.3769656 -0.7175793 0.6402742 0.2715626 -0.7185422 0.6761622 0.1622512 -0.718665 0.6934178 0.05384111 -0.7185214 0.6935455 -0.05395787 -0.7183893 0.6766896 -0.1619327 -0.7182403 0.6415259 -0.2705242 -0.717817 0.5878089 -0.3751422 -0.7167629 0.5214272 -0.4653674 -0.7152251 0.4439929 -0.5417765 -0.7136867 0.3554131 -0.6052089 -0.7123228 0.2546073 -0.6554795 -0.7110006 0.1406516 -0.6906796 -0.7093511 0.02401298 -0.7067182 -0.7070876 -0.08827716 -0.7039265 -0.7047657 -0.1964509 -0.6837736 -0.7027523 -0.3011494 -0.646247 -0.7011947 -0.4024517 -0.5901131 -0.6998566 -0.4970685 -0.515057 -0.6983117 -0.5749132 -0.4290031 -0.696729 -0.6358476 -0.3345826 -0.6955231 -0.6805866 -0.2321363 -0.6949205 -0.9994481 -0.001980721 0.03316086 -0.9994491 -0.001987516 0.03313148 -0.9994487 -0.00199151 0.03314107 -0.9994473 -0.00198853 0.03318524 -0.9994493 -0.001960813 0.03312706 -0.9994477 -0.001981616 0.03317439 -0.9994481 -0.001976966 0.03315889 -0.9994477 -0.001987516 0.03317368 -0.9994486 -0.001978278 0.03314769 -0.9994477 -0.001987814 0.03317266 -0.9994474 -0.001983642 0.03318136 -0.9994478 -0.001982212 0.03316813 -0.999448 -0.001980662 0.03316724 -0.9994485 -0.00197339 0.03314757 -0.9994476 -0.001990079 0.03317815 -0.9994473 -0.001977622 0.03318399 -0.9994475 -0.002033114 0.03317713 -0.9994487 -0.001970291 0.03314417 -0.999448 -0.001982986 0.03316295 -0.9994468 -0.001982033 0.03320008 -0.9994478 -0.001980364 0.03317236 -0.999448 -0.001978158 0.03316611 -0.9994482 -0.001973211 0.03315812 -0.9994475 -0.001978158 0.03317767 -0.9994482 -0.00198704 0.03316009 -0.9994481 -0.001979649 0.0331611 -0.9994478 -0.001982986 0.03317153 -0.9994479 -0.001977741 0.03316825 -0.9994477 -0.001981258 0.03317445 -0.9994478 -0.001983523 0.03317207 -0.9994481 -0.001975715 0.03316104 -0.9994475 -0.001982986 0.03317683 -0.9994482 -0.001973271 0.03316062 -0.9994484 -0.001970231 0.0331521 -0.9994482 -0.001978337 0.0331583 -8.12497e-4 -0.9964671 -0.0839805 0.004812717 -0.9963228 0.08554458 0.004812836 -0.9963227 0.08554494 0.01029831 -0.9675248 0.2525663 0.01029825 -0.9675251 0.2525656 0.01548957 -0.9108773 0.4123868 0.01548963 -0.9108766 0.4123882 0.02023583 -0.828001 0.5603613 0.02023589 -0.8280005 0.5603622 0.02439582 -0.7214062 0.6920824 0.02439576 -0.721407 0.6920815 0.02785629 -0.5940217 0.8039666 0.02785634 -0.5940168 0.8039703 0.03051674 -0.449479 0.8927696 0.03051674 -0.449472 0.8927731 0.03229844 -0.2920276 0.9558644 0.03229844 -0.2920302 0.9558636 0.03315085 -0.1261835 0.9914529 0.03315097 -0.1261829 0.991453 0.03304946 0.04330813 0.998515 0.03304946 0.04330945 0.998515 0.03199642 0.2115984 0.9768329 0.03199654 0.2115952 0.9768335 0.03002393 0.3736863 0.9270691 0.03002393 0.3736904 0.9270675 0.02718913 0.5249847 0.8506773 0.02718913 0.5249872 0.8506758 0.02357083 0.6612703 0.7497773 0.02357089 0.6612676 0.7497798 0.01927316 0.7785615 0.6272723 0.01927316 0.7785616 0.6272722 0.0144208 0.8734437 0.4867118 0.01442074 0.8734429 0.486713 0.009155094 0.9431648 0.3321993 0.009155213 0.9431644 0.3322006 0.003627121 0.985753 0.1681604 0.00362724 0.985753 0.1681604 -0.00200659 0.9999977 -7.62183e-4 -0.002006649 0.9999977 -7.63177e-4 -8.12556e-4 -0.9964671 -0.08398151 -0.006414413 -0.9679428 -0.2510893 -0.006414413 -0.9679428 -0.2510891 -0.01183128 -0.9115785 -0.4109559 -0.01183122 -0.9115782 -0.4109566 -0.01690846 -0.8289788 -0.5590245 -0.01690846 -0.8289781 -0.5590255 -0.02149999 -0.7225051 -0.6910313 -0.02150005 -0.722504 -0.6910324 -0.02547109 -0.5952947 -0.8031038 -0.02547109 -0.5952938 -0.8031044 -0.0287097 -0.4509736 -0.8920755 -0.02870959 -0.4509691 -0.8920777 -0.03112322 -0.2936342 -0.9554111 -0.03112316 -0.2936336 -0.9554113 -0.03264111 -0.1278522 -0.991256 -0.03264105 -0.127851 -0.9912562 -0.03321993 0.04163044 -0.9985807 -0.03321987 0.04163432 -0.9985805 -0.03284323 0.2098289 -0.9771864 -0.03284329 0.2098289 -0.9771864 -0.03152227 0.3720047 -0.9276955 -0.03152209 0.3720103 -0.9276933 -0.02929186 0.5236473 -0.8514316 -0.02929192 0.5236434 -0.8514339 -0.0262205 0.6600872 -0.7507312 -0.0262205 0.6600893 -0.7507295 -0.02239626 0.7775053 -0.6284775 -0.0223962 0.7775059 -0.6284768 -0.01792663 0.8725976 -0.4881108 -0.01792669 0.8725967 -0.4881125 -0.01294165 0.9425865 -0.3337116 -0.01294147 0.9425876 -0.3337086 -0.007583081 0.9854709 -0.1696752 -0.007583081 0.9854711 -0.1696736 -0.007580518 0.9854701 -0.1696802 -0.00200808 0.9999977 -7.74293e-4 -0.002006709 0.9999977 -7.7396e-4 -0.02239304 0.7775007 -0.6284832 -0.01792865 0.8726028 -0.4881013 -0.01792752 0.8726029 -0.4881013 -0.01294082 0.9425908 -0.333699 -0.007580578 0.9854702 -0.1696797 -0.01294249 0.942591 -0.3336987 -0.02929341 0.5236035 -0.8514583 -0.03152269 0.3720935 -0.9276598 -0.02929407 0.5236037 -0.8514582 -0.02239394 0.7775007 -0.6284832 -0.02622407 0.6600278 -0.7507835 -0.02622181 0.6600279 -0.7507835 -0.03322058 0.04159522 -0.9985821 -0.0332207 0.04159539 -0.9985821 -0.03264319 -0.1278386 -0.9912577 -0.03284364 0.2098519 -0.9771814 -0.03152167 0.3720933 -0.92766 -0.03284329 0.2098517 -0.9771814 -0.02547627 -0.5952951 -0.8031033 -0.02871114 -0.4509714 -0.8920766 -0.02871435 -0.4509717 -0.8920764 -0.03112345 -0.2936347 -0.9554109 -0.03112226 -0.2936343 -0.9554111 -0.03264278 -0.1278377 -0.9912578 -0.01691335 -0.8289859 -0.5590137 -0.01182746 -0.9115681 -0.4109792 -0.01690906 -0.8289857 -0.5590142 -0.02547675 -0.5952953 -0.803103 -0.02150011 -0.7225349 -0.6910001 -0.02149766 -0.7225343 -0.6910008 -8.17623e-4 -0.9964658 -0.08399659 -8.22332e-4 -0.9964658 -0.08399635 0.004806816 -0.9963231 0.08554112 -0.006412982 -0.9679372 -0.2511107 -0.01182824 -0.9115681 -0.4109792 -0.006416082 -0.9679371 -0.2511106 0.02023184 -0.828044 0.560298 0.01548552 -0.9108758 0.4123902 0.01548397 -0.9108757 0.4123901 0.01029199 -0.967514 0.2526083 0.01029103 -0.967514 0.2526079 0.004806101 -0.9963231 0.08554106 0.02786207 -0.5939438 0.8040241 0.03051763 -0.4494444 0.892787 0.02785646 -0.5939434 0.8040244 0.02022784 -0.8280443 0.5602977 0.0243858 -0.7213708 0.6921197 0.02438354 -0.7213703 0.6921202 0.03315049 -0.1262001 0.9914509 0.03315079 -0.1262 0.9914509 0.03304839 0.04327648 0.9985164 0.03229582 -0.292029 0.9558641 0.03051787 -0.449445 0.8927866 0.03229534 -0.2920296 0.9558639 0.03304874 0.04327648 0.9985164 0.03199785 0.2114958 0.976855 0.0319975 0.2114955 0.9768551 0.03002274 0.3736519 0.927083 0.03002268 0.3736516 0.9270831 0.02718561 0.5250353 0.8506461 0.02718532 0.5250356 0.8506461 0.02356618 0.6612899 0.7497603 0.02356576 0.6612895 0.7497606 0.01927101 0.7785564 0.6272787 0.01927179 0.7785562 0.6272791 0.01441788 0.8734223 0.4867501 0.01441508 0.8734223 0.4867501 0.00914967 0.9431532 0.3322325 0.009149253 0.9431532 0.3322324 0.003627955 0.9857555 0.1681458 0.003626346 0.9857555 0.1681456 -0.02239024 0.7775031 -0.6284806 -0.02285367 0.7655009 -0.6430289 -0.02623838 0.6600528 -0.7507609 -0.03262984 -0.127855 -0.991256 -0.03322201 0.04160261 -0.9985818 -0.03318029 -8.31422e-4 -0.9994491 -0.01828825 0.8655983 -0.5004051 -0.01793527 0.8726187 -0.4880727 -0.01296311 0.9426101 -0.3336439 -0.01322376 0.9394024 -0.3425616 -0.00758475 0.9854846 -0.1695961 -0.007669329 0.9846582 -0.1743257 -0.002027511 0.9999977 -7.52324e-4 -0.002002596 0.9999978 -7.67371e-4 -0.02668535 0.6421386 -0.7661241 -0.02968472 0.4992518 -0.8659484 -0.02929693 0.5235948 -0.8514636 -0.03153556 0.3720955 -0.9276586 -0.03183996 0.3412263 -0.9394419 -0.03298044 0.1728031 -0.9844041 -0.03286248 0.2098797 -0.9771749 -0.02547305 -0.5953095 -0.8030925 -0.02870458 -0.4509541 -0.8920855 -0.02804094 -0.4844644 -0.8743615 -0.0311352 -0.2936125 -0.9554174 -0.03234106 -0.1683431 -0.9851978 -0.03064203 -0.3310657 -0.9431101 -0.0159493 -0.8471671 -0.5310873 -0.01186484 -0.9115631 -0.4109889 -0.01693701 -0.8289673 -0.5590407 -0.02464038 -0.6241735 -0.7808972 -0.02057254 -0.746216 -0.665386 -0.02150464 -0.7225338 -0.6910011 -8.32207e-4 -0.9964654 -0.08400034 1.35846e-4 -0.9984714 -0.05527275 0.004847228 -0.9963226 0.08554494 -0.006450474 -0.9679364 -0.2511129 -0.01084733 -0.9241956 -0.3817657 -0.005417585 -0.9751144 -0.2216365 0.02020812 -0.828047 0.5602945 0.01548886 -0.9108792 0.4123825 0.01616752 -0.9006116 0.434324 0.01113456 -0.9606772 0.2774444 0.01028901 -0.9675217 0.2525788 0.005749285 -0.9936128 0.1126974 0.02822864 -0.5779712 0.8155689 0.03052353 -0.4494512 0.8927833 0.02783638 -0.5939701 0.8040054 0.02085065 -0.8150629 0.5789971 0.02489149 -0.7064984 0.7072768 0.02437436 -0.721384 0.6921062 0.0331459 -0.126186 0.9914528 0.03322279 -0.1110937 0.9932546 0.033032 0.04327028 0.9985173 0.03225952 -0.2920427 0.9558612 0.03075045 -0.4331269 0.9008083 0.03244405 -0.2760115 0.9606066 0.02720415 0.5250285 0.8506498 0.03001093 0.373628 0.927093 0.02987134 0.3834593 0.9230746 0.03189098 0.2233453 0.9742175 0.03195244 0.2114732 0.9768614 0.03300195 0.05691087 0.9978337 0.02703309 0.5327587 0.8458353 0.02352362 0.6612862 0.7497648 0.0233637 0.6669514 0.7447349 0.01925981 0.778557 0.6272785 0.01439356 0.8734149 0.4867641 0.01913625 0.7823686 0.6225216 0.01433795 0.8756505 0.4827326 0.009097218 0.9431468 0.332252 0.009110033 0.9441756 0.329317 0.003546833 0.9857542 0.1681551 0.003669977 0.9860462 0.1664317 -5.51563e-4 -7.59308e-4 -0.9999997 -5.51492e-4 -7.59342e-4 -0.9999996 -5.5157e-4 -7.59303e-4 -0.9999996 -3.33946e-4 -6.77447e-4 -0.9999998 -4.86703e-4 -6.63326e-4 -0.9999997 -4.96488e-4 -8.49581e-4 -0.9999996 -4.96442e-4 -8.49592e-4 -0.9999996 -4.96458e-4 -8.49588e-4 -0.9999996 -4.38999e-4 -7.43314e-4 -0.9999997 -4.39058e-4 -7.43197e-4 -0.9999997 -4.38997e-4 -7.43298e-4 -0.9999997 -5.51468e-4 -7.97457e-4 -0.9999995 -5.51464e-4 -7.97463e-4 -0.9999996 -5.5149e-4 -7.97422e-4 -0.9999995 -6.15044e-4 -8.07542e-4 -0.9999996 -3.79782e-4 -6.92273e-4 -0.9999997 -3.7977e-4 -6.92295e-4 -0.9999998 -3.79793e-4 -6.92253e-4 -0.9999997 -5.19492e-4 -7.62231e-4 -0.9999997 -3.65723e-4 -6.62984e-4 -0.9999997 -5.01753e-4 -7.62931e-4 -0.9999997 -8.48938e-4 -6.73734e-4 -0.9999995 -5.0212e-4 -7.11495e-4 -0.9999997 -5.02119e-4 -7.11504e-4 -0.9999997 -5.02103e-4 -7.11454e-4 -0.9999997 -3.81804e-4 -6.79144e-4 -0.9999997 -3.81806e-4 -6.79141e-4 -0.9999997 -3.8177e-4 -6.79181e-4 -0.9999997 -4.95949e-4 -0.001161456 -0.9999993 -4.95952e-4 -0.001161456 -0.9999993 -4.95903e-4 -0.001161456 -0.9999992 -4.86187e-4 -6.08493e-4 -0.9999998 -5.01974e-4 -7.77693e-4 -0.9999996 -5.14064e-4 -6.88399e-4 -0.9999997 -5.14115e-4 -6.88413e-4 -0.9999997 -5.14052e-4 -6.88395e-4 -0.9999997 -5.66713e-4 -7.97756e-4 -0.9999996 -5.66704e-4 -7.97751e-4 -0.9999995 -5.6669e-4 -7.97741e-4 -0.9999995 -6.52688e-4 -9.96732e-4 -0.9999994 -6.52742e-4 -9.96695e-4 -0.9999994 -6.52752e-4 -9.96688e-4 -0.9999994 -5.15746e-4 -8.10499e-4 -0.9999997 -5.15814e-4 -8.10449e-4 -0.9999997 -5.15732e-4 -8.10513e-4 -0.9999997 -6.16832e-4 -9.34785e-4 -0.9999995 -6.16842e-4 -9.34777e-4 -0.9999995 -6.16866e-4 -9.34758e-4 -0.9999995 -5.27962e-4 -8.33818e-4 -0.9999995 -3.88468e-4 -4.79858e-4 -0.9999999 -3.90815e-4 -7.66311e-4 -0.9999997 -3.9081e-4 -7.66388e-4 -0.9999997 -3.90817e-4 -7.66275e-4 -0.9999997 -3.73167e-4 -7.93728e-4 -0.9999997 -5.15813e-4 -7.94943e-4 -0.9999997 -5.65538e-4 -8.1142e-4 -0.9999995 -5.11636e-4 -7.73322e-4 -0.9999996 -5.22156e-4 -7.67247e-4 -0.9999996 -5.39692e-4 -7.83738e-4 -0.9999996 -5.13592e-4 -6.8568e-4 -0.9999997 -5.13597e-4 -6.85684e-4 -0.9999997 -5.13617e-4 -6.85699e-4 -0.9999997 -5.62921e-4 -8.12648e-4 -0.9999995 -5.02688e-4 -7.72435e-4 -0.9999997 -5.15407e-4 -7.76835e-4 -0.9999997 -5.99451e-4 -9.27895e-4 -0.9999994 -5.99436e-4 -9.27906e-4 -0.9999995 -5.99465e-4 -9.27887e-4 -0.9999994 -5.3025e-4 -8.60851e-4 -0.9999995 -5.30201e-4 -8.60857e-4 -0.9999995 -5.30212e-4 -8.60856e-4 -0.9999995 0.1595677 0.9871867 -8.46456e-4 0.001280069 0.9999989 -7.77542e-4 0.001289188 0.9999992 -1.53335e-4 0.604194 0.7968369 -9.09928e-4 0.4714971 0.8818671 -9.37086e-4 0.4715276 0.8818508 -9.23317e-4 0.3214721 0.9469187 -9.01055e-4 0.1594416 0.987207 -9.04183e-4 0.3214312 0.9469326 -9.023e-4 0.8226644 0.5685268 -8.50359e-4 0.9067484 0.4216718 -6.97903e-4 0.8227512 0.5684012 -8.50528e-4 0.6041082 0.7969018 -9.27831e-4 0.7213525 0.6925677 -8.95747e-4 0.7214815 0.6924333 -8.09097e-4 0.9942951 0.1066632 -5.86027e-4 0.994322 0.1064124 -5.93969e-4 0.9987344 -0.05029529 -4.51801e-4 0.964392 0.2644764 -6.91893e-4 0.906839 0.4214765 -7.89619e-4 0.9645509 0.2638961 -6.95821e-4 0.8551759 -0.5183379 -5.40086e-5 0.9311694 -0.3645869 -1.95645e-4 0.9310163 -0.3649775 -1.76719e-4 0.9782886 -0.2072469 -3.37567e-4 0.9782269 -0.2075385 -3.42581e-4 0.998748 -0.05002313 -4.68887e-4 0.6484946 -0.7612193 2.48832e-4 0.5215019 -0.8532501 3.91245e-4 0.648399 -0.7613008 2.61739e-4 0.8554069 -0.5179565 2.87405e-5 0.7599614 -0.6499683 1.24081e-4 0.75999 -0.649935 1.26613e-4 0.2162598 -0.9763357 6.19132e-4 0.2155999 -0.9764816 6.46754e-4 0.04948592 -0.9987747 7.46311e-4 0.3773131 -0.9260857 5.24028e-4 0.5213114 -0.8533664 3.94515e-4 0.3774415 -0.9260333 5.21558e-4 -0.4110941 -0.9115925 9.17631e-4 -0.2631221 -0.9647619 0.001127004 -0.2631678 -0.9647498 8.84044e-4 -0.1097838 -0.9939552 8.26901e-4 -0.1092882 -0.9940098 8.29136e-4 0.0497325 -0.9987623 7.46885e-4 -0.555622 -0.8314346 9.2796e-4 -0.4112996 -0.9114997 9.12694e-4 -0.5555281 -0.8314974 9.33617e-4 -0.6898559 -0.7239463 9.07234e-4 -0.6895474 -0.7242401 8.96608e-4 -0.7985801 -0.6018881 8.76988e-4 -0.7984089 -0.602115 8.7262e-4 -0.8828209 -0.4697091 8.70033e-4 -0.8831632 -0.4690652 8.23073e-4 -0.9452636 -0.3263069 7.47204e-4 -0.9452397 -0.3263763 7.29925e-4 -0.9853169 -0.1707344 6.90184e-4 -0.9853039 -0.1708094 6.3485e-4 -0.9999977 -0.002030372 7.53578e-4 -0.9999978 -0.002044558 5.07437e-4 -0.9496122 0.3134273 2.08354e-4 -0.9500089 0.3122226 2.39352e-4 -0.892109 0.4518202 9.79426e-5 -0.999998 -0.001981079 5.08077e-4 -0.9869577 0.1609795 3.77089e-4 -0.986772 0.1621145 3.74276e-4 -0.7123146 0.7018603 -1.80348e-4 -0.7116348 0.7025496 -1.7343e-4 -0.812566 0.5828692 -3.64307e-5 -0.8915621 0.4528986 9.62879e-5 -0.8133953 0.5817115 -7.08983e-5 -0.4520916 0.8919714 -4.65077e-4 -0.3108834 0.950448 -5.77736e-4 -0.3100757 0.9507118 -4.44667e-4 -0.5865917 0.8098828 -3.17428e-4 -0.5874708 0.8092454 -3.13626e-4 -0.4525331 0.8917475 -4.56962e-4 -0.1606151 0.987017 -6.14548e-4 -0.1605483 0.9870278 -6.70628e-4 -0.003656685 0.9999931 -7.72428e-4 -0.003654539 0.9999932 -6.15723e-4 -0.9999979 -0.002003073 5.3893e-4 -6.04186e-4 -8.477e-4 -0.9999995 -4.0341e-4 -7.42575e-4 -0.9999997 -4.03442e-4 -7.42556e-4 -0.9999997 -4.03446e-4 -7.42544e-4 -0.9999997 -5.61485e-4 -8.54179e-4 -0.9999995 -5.61473e-4 -8.54192e-4 -0.9999995 -5.61456e-4 -8.54203e-4 -0.9999995 -5.61961e-4 -8.31628e-4 -0.9999995 -5.61968e-4 -8.31621e-4 -0.9999995 -5.61968e-4 -8.3162e-4 -0.9999995 -4.86229e-4 -8.73872e-4 -0.9999996 -4.86235e-4 -8.73866e-4 -0.9999995 -4.86238e-4 -8.73865e-4 -0.9999995 -4.70482e-4 -7.18861e-4 -0.9999997 -4.5072e-4 -6.14709e-4 -0.9999998 -4.5069e-4 -6.14727e-4 -0.9999998 -4.50711e-4 -6.14723e-4 -0.9999998 -6.5e-4 -7.09656e-4 -0.9999995 -6.50065e-4 -7.09511e-4 -0.9999996 -6.50173e-4 -7.09535e-4 -0.9999996 -6.5552e-4 -8.94013e-4 -0.9999994 -4.35312e-4 -7.46239e-4 -0.9999997 -3.75339e-4 -6.22299e-4 -0.9999998 -3.75368e-4 -6.22276e-4 -0.9999998 -3.75353e-4 -6.22289e-4 -0.9999998 -6.29776e-4 -9.56093e-4 -0.9999994 -6.29738e-4 -9.56122e-4 -0.9999994 -6.29791e-4 -9.5608e-4 -0.9999994 -4.97402e-4 -7.58372e-4 -0.9999997 -4.97432e-4 -7.58345e-4 -0.9999997 -4.97391e-4 -7.58384e-4 -0.9999997 -3.64482e-4 -6.47216e-4 -0.9999998 -3.64496e-4 -6.47195e-4 -0.9999998 -3.64482e-4 -6.47218e-4 -0.9999998 -4.24642e-4 -6.80221e-4 -0.9999998 -4.5771e-4 -7.03375e-4 -0.9999997 -5.03615e-4 -7.54288e-4 -0.9999996 -5.21245e-4 -7.65078e-4 -0.9999996 -4.84705e-4 -7.25655e-4 -0.9999997 -4.36157e-4 -6.95465e-4 -0.9999997 -4.36136e-4 -6.95486e-4 -0.9999997 -4.36121e-4 -6.955e-4 -0.9999997 -6.11713e-4 -8.56517e-4 -0.9999995 -6.56081e-4 -8.56579e-4 -0.9999994 -6.56046e-4 -8.5662e-4 -0.9999995 -6.56065e-4 -8.56602e-4 -0.9999995 -7.20426e-4 -0.001018524 -0.9999993 -4.6307e-4 -7.78762e-4 -0.9999997 -4.0759e-4 -6.44791e-4 -0.9999998 -4.0761e-4 -6.44772e-4 -0.9999998 -4.07612e-4 -6.44773e-4 -0.9999998 -5.09256e-4 -7.72081e-4 -0.9999997 -5.30831e-4 -8.3093e-4 -0.9999996 -5.30767e-4 -8.30988e-4 -0.9999996 -5.30763e-4 -8.30993e-4 -0.9999996 -5.36575e-4 -8.42361e-4 -0.9999995 -5.36535e-4 -8.42393e-4 -0.9999995 -5.36552e-4 -8.42381e-4 -0.9999995 -5.76103e-4 -0.001185178 -0.9999992 -5.75719e-4 -0.001185417 -0.9999992 -5.75713e-4 -0.001185417 -0.9999992 -5.21082e-4 -8.09429e-4 -0.9999995 -5.21071e-4 -8.09434e-4 -0.9999995 -5.21046e-4 -8.09447e-4 -0.9999995 -4.41516e-4 -6.34207e-4 -0.9999997 -4.41634e-4 -6.34116e-4 -0.9999998 -4.41627e-4 -6.34098e-4 -0.9999997 -4.77781e-4 -6.95933e-4 -0.9999997 -4.77693e-4 -6.96025e-4 -0.9999997 -4.77757e-4 -6.95963e-4 -0.9999997 -5.1297e-4 -7.65075e-4 -0.9999996 -5.13035e-4 -7.6502e-4 -0.9999996 -5.12972e-4 -7.6507e-4 -0.9999996 -5.77467e-4 -8.39933e-4 -0.9999995 -5.77544e-4 -8.39863e-4 -0.9999995 -5.77467e-4 -8.39942e-4 -0.9999995 -5.49455e-4 -8.31303e-4 -0.9999995 -5.49423e-4 -8.31336e-4 -0.9999995 -5.49404e-4 -8.31347e-4 -0.9999996 -4.31964e-4 -6.88662e-4 -0.9999998 -5.84502e-4 -9.66549e-4 -0.9999994 -5.84497e-4 -9.66546e-4 -0.9999994 -5.84521e-4 -9.66543e-4 -0.9999994 -5.00534e-4 -0.001059114 -0.9999993 -5.00412e-4 -0.001059293 -0.9999993 -5.00376e-4 -0.001059353 -0.9999994 -5.90916e-4 -9.18325e-4 -0.9999995 -5.90941e-4 -9.18302e-4 -0.9999995 -5.90943e-4 -9.18302e-4 -0.9999995 -4.80306e-4 -6.28229e-4 -0.9999998 -4.80317e-4 -6.28216e-4 -0.9999997 -4.80214e-4 -6.28312e-4 -0.9999998 -4.02659e-4 -6.84625e-4 -0.9999997 -4.86929e-4 -6.86418e-4 -0.9999997 -4.86919e-4 -6.86435e-4 -0.9999997 -4.86924e-4 -6.86434e-4 -0.9999997 -6.17539e-4 -9.27377e-4 -0.9999995 -6.17517e-4 -9.27396e-4 -0.9999995 -6.17521e-4 -9.27394e-4 -0.9999995 -4.00217e-4 -5.26936e-4 -0.9999998 -4.00246e-4 -5.26921e-4 -0.9999999 -4.00207e-4 -5.2694e-4 -0.9999998 -4.44422e-4 -6.85542e-4 -0.9999997 -4.63231e-4 -7.61829e-4 -0.9999997 -5.64005e-4 -8.39397e-4 -0.9999996 -5.8925e-4 -9.00907e-4 -0.9999995 -5.8925e-4 -9.00909e-4 -0.9999995 -5.89233e-4 -9.0092e-4 -0.9999995 -7.52524e-4 -9.7657e-4 -0.9999992 -4.83611e-4 -7.9646e-4 -0.9999996 -4.83629e-4 -7.96429e-4 -0.9999997 -4.83627e-4 -7.96432e-4 -0.9999996 -5.28408e-4 -7.55617e-4 -0.9999996 -5.4065e-4 -8.05953e-4 -0.9999996 -5.40303e-4 -8.06305e-4 -0.9999995 -5.40161e-4 -8.0648e-4 -0.9999995 -5.71319e-4 -7.0856e-4 -0.9999996 -6.0616e-4 -7.74198e-4 -0.9999996 -5.43625e-4 -8.46285e-4 -0.9999995 -5.43711e-4 -8.46241e-4 -0.9999996 -5.43795e-4 -8.46218e-4 -0.9999996 -5.22094e-4 -7.34185e-4 -0.9999996 -4.92497e-4 -6.75995e-4 -0.9999997 -5.47113e-4 -7.71441e-4 -0.9999997 -5.31238e-4 -7.54117e-4 -0.9999997 -4.87931e-4 -7.05583e-4 -0.9999997 -7.22759e-4 -8.76658e-4 -0.9999994 -7.22785e-4 -8.76619e-4 -0.9999994 -7.22772e-4 -8.76638e-4 -0.9999994 -5.06719e-4 -7.58779e-4 -0.9999997 -5.06756e-4 -7.58738e-4 -0.9999997 -5.06729e-4 -7.58769e-4 -0.9999997 -4.50992e-4 -6.54638e-4 -0.9999998 -4.51001e-4 -6.54631e-4 -0.9999998 -4.51033e-4 -6.54607e-4 -0.9999998 -7.09605e-4 -0.001002967 -0.9999993 -5.23132e-4 -7.67777e-4 -0.9999996 -6.08826e-4 -8.52539e-4 -0.9999995 -5.5748e-4 -8.01508e-4 -0.9999996 -4.51335e-4 -7.07969e-4 -0.9999997 -4.82532e-4 -7.52349e-4 -0.9999997 -4.82539e-4 -7.52339e-4 -0.9999997 -4.82547e-4 -7.52333e-4 -0.9999997 -4.39914e-4 -6.71417e-4 -0.9999998 -0.6345483 0.7728833 -1.60215e-4 -0.6444954 0.7646081 -4.21072e-4 -0.75721 0.6531715 2.56262e-5 -0.9895143 -0.1444323 8.75376e-4 -0.9996476 0.02653759 7.47071e-4 -0.999998 -0.001984536 5.07296e-4 -0.5019621 0.8648896 -5.39664e-4 -0.4936037 0.8696869 -5.02603e-4 -0.3379377 0.9411684 -5.03588e-4 -0.3440507 0.9389509 -6.40937e-4 -0.1726189 0.9849885 -6.56601e-4 -0.1755524 0.9844699 -6.59267e-4 -0.002014636 0.9999977 -7.91976e-4 -0.001916825 0.9999979 -7.74948e-4 -0.767363 0.6412129 -2.83313e-4 -0.8671146 0.4981088 -1.49945e-4 -0.8573531 0.5147287 2.21428e-4 -0.9325584 0.3610188 4.04554e-4 -0.9404343 0.3399754 -2.01046e-5 -0.9851515 0.1716874 1.08319e-4 -0.9804682 0.1966769 5.79433e-4 -0.9506075 -0.310394 9.61977e-4 -0.9855386 -0.1694504 4.12215e-4 -0.9432394 -0.3321133 5.3351e-4 -0.6648836 -0.7469467 7.20568e-4 -0.6796272 -0.7335568 0.001107573 -0.7805495 -0.6250938 6.79082e-4 -0.8741238 -0.4857031 6.16423e-4 -0.7934234 -0.6086692 0.001079559 -0.8845034 -0.4665331 7.34459e-4 -0.3808618 -0.9246318 7.36582e-4 -0.2206416 -0.9753547 7.03235e-4 -0.2373551 -0.9714224 0.001050829 -0.5462328 -0.8376327 0.00111252 -0.5303087 -0.8478041 0.001063942 -0.3973935 -0.9176477 0.001095235 0.264519 -0.9643802 7.69275e-4 0.1141457 -0.9934639 5.63476e-4 0.2788367 -0.9603384 4.57289e-4 0.0985341 -0.9951334 8.88847e-4 -0.07034951 -0.997522 9.80065e-4 -0.05416184 -0.9985321 6.47894e-4 0.7084426 -0.7057684 6.88144e-5 0.699954 -0.7141879 3.26155e-4 0.5802813 -0.8144162 2.07877e-4 0.4356678 -0.9001076 3.36474e-4 0.5698106 -0.8217759 4.8094e-4 0.423114 -0.9060763 6.30857e-4 0.901857 -0.4320348 -2.31373e-4 0.9614814 -0.2748702 -3.71703e-4 0.9588774 -0.2838208 -1.67949e-4 0.8100755 -0.5863257 1.64624e-4 0.8167356 -0.5770121 -8.33062e-5 0.8973215 -0.4413776 -5.73034e-6 0.9760232 0.2176659 -5.88937e-4 0.9983158 0.05800998 -6.32848e-4 0.9744911 0.2244253 -7.40884e-4 0.9987406 0.05016893 -4.60947e-4 0.9929437 -0.1185865 -3.18392e-4 0.9939354 -0.1099657 -5.08531e-4 0.848344 0.5294449 -7.82582e-4 0.9231289 0.3844897 -8.28599e-4 0.8456258 0.5337756 -8.94463e-4 0.925414 0.378957 -6.97322e-4 0.744238 0.6679139 -9.39856e-4 0.7471738 0.6646283 -8.43753e-4 0.621908 0.7830898 -9.56786e-4 0.6245838 0.7809572 -8.82279e-4 0.484209 0.8749519 -8.92188e-4 0.4820075 0.8761667 -9.4703e-4 0.3283971 0.9445393 -9.12522e-4 0.3299936 0.9439828 -8.7553e-4 0.1656149 0.9861901 -8.51774e-4 0.1664201 0.9860546 -8.34394e-4 -0.3782961 0.4496184 -0.8091572 -0.4489539 0.3792868 -0.8090624 -0.3468647 0.2926943 -0.8910753 -0.520371 0.6192138 -0.5880377 -0.5730179 0.6821215 -0.4542694 -0.6176359 0.5223886 -0.5879083 0.4333258 0.5579414 -0.7077643 0.5214774 0.476597 -0.7077546 0.5967533 0.5454803 -0.5885038 -0.4081982 0.6982108 -0.5881122 -0.4494684 0.7691102 -0.4543654 -0.6801476 0.5754894 -0.4541049 0.4653571 -0.6620107 -0.5875242 0.3468693 -0.7311744 -0.587423 0.3821409 -0.8051387 -0.4535638 -0.8508151 0.5016412 -0.156428 -0.8573918 0.5146642 3.50252e-5 -0.9233738 0.3506569 -0.1562716 -0.8331035 0.3161075 -0.4538882 -0.7565394 0.2868821 -0.5876622 -0.7676782 0.4523161 -0.453961 -0.9895327 -0.1443076 5.73918e-4 -0.9387742 -0.3071619 -0.1560593 -0.9771859 -0.1441851 -0.1559439 -0.9693751 0.189556 -0.156143 -0.9874826 0.02299922 -0.1560429 -0.9509566 0.0220797 -0.3085355 -0.9410448 -0.1389272 -0.308438 -0.9040544 -0.2959449 -0.3083868 -0.9504343 -0.3109248 6.97032e-4 -0.292303 0.3470327 -0.8911383 -0.2967481 0.5069505 -0.8092848 -0.5399152 0.4564523 -0.7072078 -0.4549089 0.5410566 -0.7073299 -0.424854 0.1605477 -0.8909116 -0.2893481 0.1090111 -0.9509965 -0.3914814 0.2299543 -0.8909902 -0.1467083 0.05478662 -0.9876615 -0.1540234 0.02930021 -0.9876328 -0.3037412 0.05862528 -0.9509493 -0.1568502 0.002901017 -0.9876182 -0.2842389 0.7570792 -0.5882511 -0.3568701 0.6100824 -0.7074202 -0.2485535 0.6615895 -0.7074747 -0.4459564 0.08650141 -0.8908651 -0.3094046 0.006512761 -0.9509083 -0.1521405 0.7941722 -0.5883399 -0.1674582 0.8748139 -0.4545969 -0.1552289 -0.02357262 -0.9875972 -5.25579e-4 -7.85396e-4 -0.9999996 -5.0994e-4 -7.81444e-4 -0.9999997 -0.133064 0.6939321 -0.7076385 -0.01381623 0.7064319 -0.7076462 -0.01565635 0.8084335 -0.5883793 -0.01715356 0.8904783 -0.4547025 0.1059036 0.6984993 -0.7077311 0.1212536 0.7993429 -0.5885138 0.1336423 0.8804867 -0.4548439 0.2546858 0.7673047 -0.5885394 0.2224828 0.6704954 -0.7077693 0.2805894 0.8451973 -0.4548748 0.3327115 0.6231986 -0.7077617 0.3807691 0.7131879 -0.5885389 0.4194406 0.7855907 -0.4548815 0.4958649 0.6384952 -0.5885933 0.5462445 0.7033874 -0.454822 0.6804288 0.4367004 -0.5884807 0.749454 0.481104 -0.4548163 0.7871578 0.1849664 -0.5883622 0.8071803 0.04921483 -0.5882499 0.8890832 0.05435699 -0.4545071 0.59456 0.3815335 -0.7077646 0.6506293 0.2754747 -0.707669 0.7444878 0.3153734 -0.5884535 0.7288482 -0.3508745 -0.5879349 0.8028236 -0.3862919 -0.4541507 0.7775835 -0.2226186 -0.5880519 0.7025656 -0.0770024 -0.7074406 0.803974 -0.08795499 -0.588124 0.7053678 0.04286748 -0.7075442 0.5126069 -0.7289225 -0.453769 0.5704991 -0.5737769 -0.5876317 0.659157 -0.4690721 -0.5877785 0.6369351 -0.3068304 -0.7072262 0.576013 -0.4101326 -0.7071071 0.2183918 -0.7793812 -0.5872564 0.08360552 -0.805091 -0.5872296 0.09216594 -0.8865172 -0.4534234 0.4066427 -0.5787731 -0.7068687 0.3030253 -0.6392355 -0.7067911 -0.3194469 -0.7438493 -0.5870621 -0.3517487 -0.819068 -0.4532116 -0.1892449 -0.7870765 -0.5871089 -0.04694157 -0.7061078 -0.7065468 -0.05359989 -0.8076737 -0.5871884 0.07297325 -0.7038138 -0.7066265 -0.7063591 -0.5436549 -0.453317 -0.5488823 -0.5950312 -0.5870829 -0.6414864 -0.49378 -0.5870917 -0.4405078 -0.6791915 -0.5870705 -0.2793102 -0.6502571 -0.7065066 -0.3850852 -0.593797 -0.7064805 -0.3129476 0.833951 -0.4545213 -0.8845157 -0.4665099 8.14095e-4 -0.8733676 -0.4614753 -0.1557878 -0.7880252 -0.416504 -0.4533662 -0.8470823 -0.2773833 -0.4533323 -0.8410785 -0.4444509 -0.3083025 -0.7692211 -0.2519972 -0.5871936 -0.7156292 -0.3783138 -0.5871572 -0.6255839 -0.3308122 -0.7065467 -0.401891 -0.212737 -0.8906327 -0.5590667 -0.1833826 -0.8085885 -0.5201441 -0.2751738 -0.8085355 -0.6724042 -0.2204011 -0.7066088 -0.2737184 -0.1450641 -0.9508075 -0.4319317 -0.141848 -0.8906819 -0.294134 -0.0968098 -0.9508486 -0.1388028 -0.07382214 -0.9875648 -0.1491771 -0.04939973 -0.9875757 -5.41568e-4 -7.94867e-4 -0.9999996 -0.782805 -0.6024704 -0.1557102 -0.7933583 -0.6087543 8.78304e-4 -0.5607843 -0.431738 -0.7064865 -0.4798412 -0.5202428 -0.7064701 -0.4850564 -0.7478945 -0.4531822 -0.6044154 -0.655183 -0.4532298 -0.1655117 -0.6880905 -0.7064966 0.8855215 -0.09672093 -0.4544194 -0.2083362 -0.8666694 -0.4532992 -0.0589286 -0.8894546 -0.4532089 0.1907866 -0.6812995 -0.7067047 0.2406125 -0.8582107 -0.4534095 0.4985241 -0.5016406 -0.7069869 0.7260797 -0.5164896 -0.4539237 0.6284115 -0.6318171 -0.453769 0.6795478 -0.194682 -0.7073286 0.8565319 -0.24505 -0.4542067 0.6879266 0.1615195 -0.7075794 0.8200202 0.3474867 -0.4547747 0.8670432 0.2038629 -0.4546165 0.6573205 0.6009057 -0.4547989 -0.6698214 -0.7260417 -0.1555726 -0.6795419 -0.7336362 9.01438e-4 -0.932585 0.3609507 1.73144e-4 -0.7539168 -0.5801882 -0.3082067 -0.46627 -0.3590637 -0.808496 -0.3602731 -0.2775362 -0.8906049 -0.245396 -0.1891624 -0.9507884 -0.1244789 -0.09613555 -0.987554 -5.30332e-4 -7.80661e-4 -0.9999996 -0.5374905 -0.8288002 -0.1555456 -0.5463067 -0.8375847 9.05737e-4 -0.6450743 -0.6992094 -0.308197 -0.3989596 -0.4325972 -0.8085116 -0.3083117 -0.3343545 -0.8905902 -0.2100291 -0.2278432 -0.9507761 -0.106598 -0.1157445 -0.9875425 -5.33391e-4 -7.92537e-4 -0.9999996 -0.389704 -0.9077001 -0.1555999 -0.3975248 -0.9175911 8.7063e-4 -0.5176488 -0.7981472 -0.3082221 -0.3202323 -0.4937468 -0.8084958 -0.2474687 -0.3815529 -0.8906047 -0.168627 -0.2599868 -0.9507743 -0.08562135 -0.132021 -0.9875422 -5.06517e-4 -8.08399e-4 -0.9999996 -0.2306861 -0.9604924 -0.1556863 -0.2373487 -0.9714241 8.43026e-4 -0.3753594 -0.8741303 -0.3082237 -0.2322955 -0.5407192 -0.8084934 -0.1795568 -0.4178547 -0.8905935 -0.1223931 -0.2846781 -0.9507778 -0.06221276 -0.1444908 -0.9875485 -5.04237e-4 -7.80649e-4 -0.9999996 -0.0651462 -0.9856626 -0.1556447 -0.0704357 -0.997516 7.81208e-4 -0.2222835 -0.9249705 -0.3082528 -0.1376858 -0.5720919 -0.8085504 -0.1064773 -0.4420709 -0.890638 -0.07264673 -0.3011795 -0.9507962 -0.037036 -0.1528699 -0.9875522 -5.1745e-4 -8.35165e-4 -0.9999995 0.1023616 -0.9824799 -0.1557415 0.09850394 -0.9951365 7.06248e-4 -0.06279724 -0.9491931 -0.3083649 -0.03912478 -0.587127 -0.8085489 -0.03036087 -0.4537267 -0.8906237 -0.02084004 -0.3090874 -0.9508054 -0.01080167 -0.1567963 -0.987572 -5.07341e-4 -7.85828e-4 -0.9999996 0.266946 -0.9510177 -0.1559014 0.2646276 -0.9643505 5.9519e-4 0.09847724 -0.9461804 -0.3082937 0.0605452 -0.5852388 -0.8085975 0.04662549 -0.4522144 -0.8906898 0.03156054 -0.3080544 -0.9508451 0.0157203 -0.1563333 -0.9875792 -5.00889e-4 -8.07546e-4 -0.9999997 0.4237774 -0.8922369 -0.1559682 0.4232203 -0.9060267 4.5529e-4 0.2569148 -0.9158862 -0.3084594 0.1584657 -0.5665126 -0.8086731 0.1222549 -0.4377667 -0.8907379 0.08303916 -0.2982463 -0.95087 0.04177725 -0.1513782 -0.9875927 -4.99977e-4 -8.12247e-4 -0.9999997 0.5684497 -0.8077706 -0.1561142 0.5697079 -0.8218472 3.25806e-4 0.4079753 -0.8592503 -0.3086183 0.251815 -0.5315288 -0.8087437 0.1943637 -0.4107405 -0.8907947 0.1321085 -0.2798173 -0.9509205 0.06661444 -0.1420299 -0.9876185 -5.06654e-4 -7.6592e-4 -0.9999996 0.6967858 -0.7000464 -0.1562839 0.6999596 -0.7141824 1.57446e-4 0.5472535 -0.7779351 -0.3087566 0.3379212 -0.4812856 -0.80881 0.2608424 -0.3719155 -0.8908649 0.1773833 -0.2534464 -0.950947 0.0895285 -0.1286795 -0.9876368 -4.99953e-4 -7.80538e-4 -0.9999996 0.8050136 -0.5722758 -0.1563762 0.8101875 -0.5861708 -1.60187e-6 0.6708153 -0.6742042 -0.3089591 0.4142857 -0.4171767 -0.8089073 0.3198423 -0.3224007 -0.8909314 0.2175032 -0.2196914 -0.9510143 0.109855 -0.1116224 -0.9876601 -4.93217e-4 -7.84688e-4 -0.9999997 0.890141 -0.4279432 -0.1565683 0.8973141 -0.4413927 -1.21012e-4 0.7751032 -0.5511577 -0.3089345 0.478699 -0.3410946 -0.8090129 0.3695937 -0.2636535 -0.8910036 0.2514013 -0.1797384 -0.9510476 0.1270171 -0.09138566 -0.9876818 -4.51025e-4 -8.00364e-4 -0.9999997 0.9496363 -0.2713272 -0.1567563 0.958814 -0.2840346 -3.19481e-4 0.8570349 -0.4121953 -0.3091704 0.5293164 -0.2552258 -0.8091255 0.4087057 -0.1973299 -0.8910784 0.2780302 -0.1345868 -0.9510971 0.1405136 -0.06853318 -0.987704 -4.74654e-4 -7.89162e-4 -0.9999996 0.9817987 -0.1068904 -0.1569903 0.9929473 -0.1185562 -4.39748e-4 0.9143132 -0.2614074 -0.3093504 0.5647573 -0.162029 -0.8091946 0.4360601 -0.1253459 -0.8911454 0.2966486 -0.08559542 -0.951143 0.1498977 -0.04372644 -0.9877341 -4.92394e-4 -7.86312e-4 -0.9999997 0.998733 0.05031937 -5.82434e-4 0.9857442 0.06051641 -0.1569911 0.9453123 -0.1031085 -0.3094405 0.5838882 -0.06420087 -0.8092916 0.4508593 -0.04979377 -0.8912051 0.3067026 -0.03415846 -0.9511923 0.155007 -0.01768571 -0.9877551 -5.08651e-4 -7.72052e-4 -0.9999997 0.9760071 0.2177382 -6.76967e-4 0.9613019 0.2263298 -0.157078 0.949091 0.05815553 -0.3095871 0.5862085 0.03546822 -0.8093836 0.4527016 0.0271849 -0.8912477 0.3079747 0.01823514 -0.9512199 0.1556152 0.008835673 -0.9877783 -4.82343e-4 -7.73263e-4 -0.9999996 0.925415 0.3789546 -7.92585e-4 0.909205 0.385536 -0.1571888 0.9255807 0.2177408 -0.3096601 0.571713 0.1340929 -0.8094217 0.4413974 0.1033579 -0.8913392 0.300309 0.07008635 -0.9512637 0.1517463 0.03508353 -0.9877967 -4.7873e-4 -7.67996e-4 -0.9999996 0.8484125 0.5293351 -8.42355e-4 0.8309633 0.5336379 -0.1572602 0.8753816 0.371045 -0.3098916 0.5407137 0.2288359 -0.8094831 0.4175148 0.1765567 -0.8913524 0.2839962 0.1199039 -0.9512987 0.1435149 0.06031721 -0.9878084 -4.91999e-4 -7.53948e-4 -0.9999996 0.7471782 0.6646232 -9.01759e-4 0.7288228 0.6663796 -0.1573387 0.8000675 0.513683 -0.3098739 0.4941681 0.3170001 -0.8095116 0.3815583 0.2446436 -0.8913825 0.2595419 0.1662553 -0.9513134 0.1311272 0.08376514 -0.9878203 -5.2163e-4 -7.65517e-4 -0.9999997 0.6246328 0.7809181 -9.24669e-4 0.6057032 0.7799811 -0.1573309 0.7017 0.6415182 -0.3099541 0.4333602 0.3960043 -0.8095553 0.3345634 0.3056614 -0.891425 0.2275925 0.207831 -0.9513191 0.1149298 0.1047828 -0.9878319 -4.88579e-4 -7.64888e-4 -0.9999996 0.4842305 0.8749401 -9.25429e-4 0.4651445 0.8711391 -0.1573451 0.5831505 0.7509104 -0.3099504 0.3600719 0.4636039 -0.80958 0.2779679 0.3578566 -0.8914441 0.189032 0.2433187 -0.951348 0.09544217 0.1227751 -0.9878346 -4.93634e-4 -7.82009e-4 -0.9999997 0.3300126 0.9439762 -9.3922e-4 0.311209 0.9372296 -0.1573203 0.4478186 0.8387127 -0.3098704 0.2764351 0.5178355 -0.8095863 0.2133802 0.3997601 -0.8914375 0.1450498 0.2717965 -0.9513608 0.07317119 0.1372108 -0.9878357 -5.03808e-4 -7.59505e-4 -0.9999996 0.1663929 0.9860592 -8.6239e-4 0.1483138 0.9763551 -0.1572697 0.2995938 0.9023312 -0.3099065 0.1848355 0.5571458 -0.8095829 0.1426315 0.4301594 -0.8914142 0.09690111 0.2925114 -0.9513398 0.04878419 0.1476603 -0.9878343 -5.00657e-4 -7.44827e-4 -0.9999996 -0.001988232 0.9999977 -7.89218e-4 -0.01883381 0.9873874 -0.1571986 0.1427485 0.9399967 -0.3098857 0.08790671 0.5804817 -0.8095144 0.06776058 0.4481321 -0.8913957 0.04594177 0.3047149 -0.951335 0.02299439 0.1538607 -0.987825 -5.03346e-4 -7.11262e-4 -0.9999997 -0.172492 0.9850107 -7.02687e-4 -0.1854473 0.9700161 -0.157093 -0.01822799 0.9506172 -0.3098301 -0.01157474 0.5870373 -0.8094772 -0.009075224 0.453183 -0.8913714 -0.006352663 0.3082616 -0.9512805 -0.003471732 0.1556908 -0.9877998 -5.16913e-4 -7.11061e-4 -0.9999997 -0.3379406 0.9411674 -5.53966e-4 -0.3467335 0.924737 -0.1569631 -0.1786307 0.93387 -0.3098032 -0.1107255 0.5767365 -0.8093917 -0.0856533 0.4452273 -0.8913115 -0.05847841 0.3027807 -0.9512645 -0.02986127 0.1528677 -0.9877954 -5.16478e-4 -7.99492e-4 -0.9999997 -0.4934685 0.8697636 -4.24437e-4 -0.4980617 0.8528383 -0.1568482 -0.3339513 0.8902803 -0.3096413 -0.2067161 0.5497328 -0.8093592 -0.159794 0.4243856 -0.8912703 -0.1089326 0.288563 -0.9512441 -0.05540508 0.1457123 -0.9877744 -5.20552e-4 -7.40208e-4 -0.9999996 -0.63456 0.7728736 -2.83919e-4 -0.6350456 0.7564159 -0.1566912 -0.4796853 0.8210873 -0.3093829 -0.2293424 0.3913773 -0.8911935 -0.1562717 0.2661029 -0.9511932 -0.07937139 0.1343177 -0.9877546 -5.23675e-4 -7.52278e-4 -0.9999996 -0.7537713 0.6382122 -0.1565696 -0.7570603 0.6533452 -1.71512e-4 -0.6115607 0.7282432 -0.3092822 -0.199131 0.2359372 -0.9511469 -0.1010437 0.1190028 -0.9877391 -5.36028e-4 -7.46258e-4 -0.9999996 -0.7259143 0.6144256 -0.3090788 -0.5066801 0.2979887 -0.8089982 -0.23627 0.1989693 -0.9510982 -0.1198739 0.1003574 -0.9877038 -5.26737e-4 -7.30537e-4 -0.9999996 -0.6970983 0.410539 -0.5878024 -0.819287 0.4829225 -0.3091191 -0.6093874 0.3586791 -0.7071043 -0.2666711 0.1562618 -0.9510357 -0.1351988 0.07866168 -0.9876911 -5.20512e-4 -7.80337e-4 -0.9999997 -0.980478 0.1966285 3.28071e-4 -0.6613324 0.250587 -0.7069976 -0.889151 0.3375365 -0.3089978 -0.5499008 0.2081543 -0.8088764 -0.4543486 0.009964942 -0.8907683 -5.0924e-4 -7.8607e-4 -0.9999996 -0.9996473 0.02655291 5.45293e-4 -0.8746358 0.1707862 -0.4537009 -0.7942695 0.1549409 -0.5874772 -0.9334547 0.1824451 -0.3088303 -0.6942988 0.1352717 -0.7068598 -0.5772555 0.1122744 -0.8088082 -5.58652e-4 -7.50627e-4 -0.9999996 -0.8817005 -0.130281 -0.4534658 -0.8909659 0.02056258 -0.4536043 -0.80909 0.01852846 -0.5873925 -0.7072872 0.01604634 -0.7067442 -0.5880324 0.01316618 -0.8087303 -5.30377e-4 -7.73999e-4 -0.9999996 -0.8006858 -0.1184312 -0.5872618 -0.6999222 -0.1036658 -0.7066559 -0.5818999 -0.08634072 -0.8086642 -0.4495713 -0.06688982 -0.8907365 -0.3062046 -0.04579877 -0.9508635 -0.1710831 0.9852564 -6.82765e-4 -0.1726328 0.9849861 -6.46992e-4 -0.001912117 0.9999979 -7.75804e-4 -0.6345497 0.7728821 -1.9916e-4 -0.4936216 0.8696767 -5.05442e-4 -0.6297163 0.7768251 -3.39098e-4 -0.3379428 0.9411665 -5.13178e-4 -0.3350661 0.9421945 -5.82782e-4 -0.489392 0.8720638 -4.66714e-4 -0.9286797 0.370883 2.91778e-4 -0.9325562 0.3610248 3.15775e-4 -0.8573572 0.514722 1.42685e-4 -0.7520744 0.6590782 -2.00521e-4 -0.8526726 0.5224457 -5.67168e-5 -0.7572249 0.6531542 -2.58273e-5 -0.9996477 0.02653563 6.37119e-4 -0.9916577 -0.1288988 4.54019e-4 -0.9895169 -0.1444152 7.84596e-4 -0.9804702 0.1966676 4.82068e-4 -0.977968 0.2087546 2.1469e-4 -0.9991853 0.04035717 3.4113e-4 -0.7934281 -0.6086633 0.001032352 -0.8844947 -0.46655 6.96485e-4 -0.8027548 -0.5963089 7.14448e-4 -0.8920647 -0.4519072 6.42927e-4 -0.9505126 -0.3106851 8.02433e-4 -0.9555572 -0.2948049 7.8693e-4 -0.4099207 -0.9121209 7.72065e-4 -0.3973842 -0.9176518 0.001050531 -0.5464004 -0.8375238 8.10652e-4 -0.6905469 -0.7232868 0.00104022 -0.5582885 -0.8296465 7.75436e-4 -0.6796277 -0.7335565 0.001061677 -0.0703445 -0.9975224 9.38335e-4 0.08692336 -0.9962149 6.06769e-4 0.09846293 -0.9951406 5.2754e-4 -0.2373657 -0.9714199 0.001005291 -0.2500582 -0.9682306 7.4002e-4 -0.08290493 -0.9965572 6.83604e-4 0.5698012 -0.8217826 4.48701e-4 0.4230999 -0.9060829 5.9303e-4 0.561625 -0.8273919 2.48928e-4 0.4135679 -0.9104733 3.81893e-4 0.2648532 -0.9642887 4.12404e-4 0.2539224 -0.9672245 5.0362e-4 0.8938769 -0.4483125 -1.94522e-4 0.8973188 -0.4413832 -3.71253e-5 0.8100772 -0.5863234 1.28561e-4 0.6933341 -0.7206164 1.07697e-4 0.8051483 -0.5930737 -4.03762e-5 0.699959 -0.7141831 2.94001e-4 0.9929437 -0.118587 -3.50979e-4 0.9990153 0.04436421 -6.13533e-4 0.9987409 0.05016511 -4.92808e-4 0.9588802 -0.2838111 -1.95588e-4 0.956713 -0.2910334 -1.93815e-4 0.9921658 -0.1249276 -4.82408e-4 0.9771227 0.2126753 -7.26802e-4 0.9760239 0.2176625 -6.19825e-4 0.9254126 0.3789607 -7.28258e-4 0.9270946 0.3748266 -8.22548e-4 0.8505793 0.525846 -8.96614e-4 0.8483437 0.5294455 -8.05925e-4 0.7494409 0.6620706 -9.37145e-4 0.7471727 0.6646294 -8.63275e-4 0.6245801 0.7809603 -8.98915e-4 0.6266118 0.7793312 -9.55648e-4 0.4858856 0.874022 -9.50846e-4 0.4841991 0.8749575 -9.08448e-4 0.3312783 0.9435327 -9.20139e-4 0.3299897 0.9439842 -8.89769e-4 0.1664075 0.9860567 -8.45874e-4 0.1671454 0.9859319 -8.58698e-4 -0.001980364 0.9999978 -7.74251e-4 -5.85645e-4 -7.94658e-4 -0.9999996 -6.39727e-4 -7.79763e-4 -0.9999996 -6.39727e-4 -7.79743e-4 -0.9999996 -6.39728e-4 -7.79716e-4 -0.9999995 -5.56954e-4 -7.69477e-4 -0.9999996 -5.56951e-4 -7.69453e-4 -0.9999996 -5.56951e-4 -7.69457e-4 -0.9999996 -4.50478e-4 -7.91966e-4 -0.9999996 -4.19462e-4 -7.46391e-4 -0.9999997 -4.19461e-4 -7.46394e-4 -0.9999997 -4.19475e-4 -7.46344e-4 -0.9999997 -3.06393e-4 -7.25055e-4 -0.9999997 -7.75734e-4 -8.36882e-4 -0.9999994 -7.82426e-4 -8.48521e-4 -0.9999994 -7.82417e-4 -8.4856e-4 -0.9999994 -7.82414e-4 -8.48571e-4 -0.9999994 -2.68844e-4 -7.22032e-4 -0.9999998 -4.85332e-4 -7.70572e-4 -0.9999996 -2.68684e-4 -7.19906e-4 -0.9999997 -2.68687e-4 -7.19895e-4 -0.9999997 -2.68679e-4 -7.1993e-4 -0.9999997 -3.63845e-4 -7.43e-4 -0.9999998 -7.22107e-4 -7.75169e-4 -0.9999995 -6.55113e-4 -7.6342e-4 -0.9999996 -6.11606e-4 -7.71855e-4 -0.9999995 -5.21858e-4 -7.72649e-4 -0.9999997 -3.68461e-4 -7.77338e-4 -0.9999997 -5.00653e-4 -7.7578e-4 -0.9999997 -5.60773e-4 -7.74225e-4 -0.9999997 -5.46578e-4 -7.76e-4 -0.9999997 -4.32397e-4 -7.76809e-4 -0.9999997 -4.32397e-4 -7.76847e-4 -0.9999997 -4.32397e-4 -7.76827e-4 -0.9999997 -8.70128e-4 -7.18153e-4 -0.9999995 -8.70129e-4 -7.1816e-4 -0.9999994 -8.70135e-4 -7.18195e-4 -0.9999995 -3.70013e-4 -7.77839e-4 -0.9999997 -3.70014e-4 -7.77853e-4 -0.9999997 -3.70013e-4 -7.77829e-4 -0.9999997 -5.04115e-4 -7.73769e-4 -0.9999997 -4.30011e-4 -7.78108e-4 -0.9999997 -3.95208e-4 -7.70654e-4 -0.9999997 -6.02994e-4 -7.80211e-4 -0.9999995 -6.02994e-4 -7.80207e-4 -0.9999995 -6.02993e-4 -7.80223e-4 -0.9999995 -8.29142e-4 -7.74793e-4 -0.9999994 -5.73902e-4 -7.81021e-4 -0.9999995 -4.82346e-4 -7.74953e-4 -0.9999997 -5.80408e-4 -7.72911e-4 -0.9999995 -5.80409e-4 -7.72943e-4 -0.9999995 -5.80408e-4 -7.72917e-4 -0.9999995 -4.37157e-4 -7.94882e-4 -0.9999996 -7.81503e-4 -8.20747e-4 -0.9999994 -6.11088e-4 -7.49735e-4 -0.9999996 -4.76931e-4 -7.84635e-4 -0.9999997 -2.17289e-4 -8.59453e-4 -0.9999997 -2.17275e-4 -8.59404e-4 -0.9999997 -2.17292e-4 -8.59465e-4 -0.9999997 -5.0389e-4 -7.74772e-4 -0.9999997 -5.03892e-4 -7.74781e-4 -0.9999996 -5.03892e-4 -7.74779e-4 -0.9999997 -5.10173e-4 -7.75035e-4 -0.9999997 -4.33453e-4 -7.96705e-4 -0.9999997 -5.11165e-4 -7.7568e-4 -0.9999996 -5.90904e-4 -7.96415e-4 -0.9999995 -5.12454e-4 -7.75308e-4 -0.9999996 -3.65121e-4 -7.81412e-4 -0.9999997 -5.74484e-4 -7.83613e-4 -0.9999995 -5.74485e-4 -7.836e-4 -0.9999996 -5.74484e-4 -7.83612e-4 -0.9999996 -5.36434e-4 -7.72173e-4 -0.9999997 -4.8974e-4 -7.74272e-4 -0.9999996 -4.27512e-4 -7.71996e-4 -0.9999997 -4.27514e-4 -7.71948e-4 -0.9999997 -4.27514e-4 -7.71955e-4 -0.9999997 -6.19901e-4 -7.76156e-4 -0.9999995 -6.19901e-4 -7.76159e-4 -0.9999996 -6.19901e-4 -7.76208e-4 -0.9999996 -2.85373e-4 -7.55961e-4 -0.9999997 -2.85376e-4 -7.55923e-4 -0.9999997 -2.85371e-4 -7.55985e-4 -0.9999997 -2.95879e-4 -7.74813e-4 -0.9999997 -5.08714e-4 -7.73081e-4 -0.9999996 -4.48642e-4 -7.76183e-4 -0.9999997 -4.48642e-4 -7.76176e-4 -0.9999997 -4.48642e-4 -7.76209e-4 -0.9999997 -7.58733e-4 -8.03918e-4 -0.9999994 -5.95197e-4 -7.79511e-4 -0.9999996 -5.93561e-4 -7.74169e-4 -0.9999995 -6.21935e-4 -7.78025e-4 -0.9999996 -6.21935e-4 -7.78051e-4 -0.9999996 -6.22003e-4 -7.7453e-4 -0.9999996 -4.7254e-4 -7.80396e-4 -0.9999996 -4.36295e-4 -7.74116e-4 -0.9999997 -3.16635e-4 -7.68556e-4 -0.9999997 -4.99181e-4 -7.7457e-4 -0.9999997 -5.23056e-4 -7.72952e-4 -0.9999996 -5.06582e-4 -7.79669e-4 -0.9999996 -5.19388e-4 -7.75112e-4 -0.9999996 -5.19388e-4 -7.75153e-4 -0.9999996 -5.19388e-4 -7.7514e-4 -0.9999996 -3.39852e-4 -7.67053e-4 -0.9999997 -7.21651e-4 -7.44357e-4 -0.9999995 -7.21657e-4 -7.444e-4 -0.9999995 -7.21653e-4 -7.44372e-4 -0.9999995 -7.1127e-4 -7.51225e-4 -0.9999995 -7.1127e-4 -7.51225e-4 -0.9999995 -7.11271e-4 -7.51235e-4 -0.9999995 -6.02029e-4 -7.71935e-4 -0.9999996 -6.02025e-4 -7.71975e-4 -0.9999996 -6.02021e-4 -7.72013e-4 -0.9999996 -7.47606e-4 -7.15925e-4 -0.9999995 -7.47621e-4 -7.15983e-4 -0.9999995 -7.47621e-4 -7.15984e-4 -0.9999995 -4.66121e-4 -7.80529e-4 -0.9999996 -4.32137e-4 -7.65941e-4 -0.9999997 -4.32135e-4 -7.65957e-4 -0.9999997 -4.32133e-4 -7.65965e-4 -0.9999997 -5.37381e-4 -7.70562e-4 -0.9999996 -5.08533e-4 -7.75291e-4 -0.9999996 -4.02867e-4 -7.65715e-4 -0.9999997 -5.61307e-4 -7.7568e-4 -0.9999997 -5.61306e-4 -7.75717e-4 -0.9999996 -5.61306e-4 -7.7574e-4 -0.9999996 -5.89444e-4 -7.72285e-4 -0.9999995 -5.89444e-4 -7.72288e-4 -0.9999995 -5.89444e-4 -7.72279e-4 -0.9999995 -6.90951e-4 -7.53862e-4 -0.9999995 -6.90951e-4 -7.53862e-4 -0.9999995 -6.9095e-4 -7.5385e-4 -0.9999995 -5.22215e-4 -7.72596e-4 -0.9999996 -6.21958e-4 -7.64318e-4 -0.9999996 -6.55544e-4 -7.74082e-4 -0.9999996 -6.55542e-4 -7.74069e-4 -0.9999996 -6.55555e-4 -7.742e-4 -0.9999996 -5.05963e-4 -7.7442e-4 -0.9999996 -5.1304e-4 -7.75377e-4 -0.9999996 -3.90003e-4 -7.49521e-4 -0.9999997 -3.89985e-4 -7.49646e-4 -0.9999997 -3.89985e-4 -7.49646e-4 -0.9999997 -6.10528e-4 -7.7811e-4 -0.9999995 -6.67554e-4 -7.40468e-4 -0.9999996 -6.58542e-4 -7.77843e-4 -0.9999995 -6.58541e-4 -7.77884e-4 -0.9999995 -6.58541e-4 -7.77855e-4 -0.9999995 -2.81851e-4 -7.64274e-4 -0.9999998 -4.11085e-4 -7.70523e-4 -0.9999997 -3.22942e-4 -7.64318e-4 -0.9999997 -3.2294e-4 -7.64336e-4 -0.9999997 -3.22939e-4 -7.64353e-4 -0.9999997 -5.07189e-4 -7.73619e-4 -0.9999997 -7.06947e-4 -7.94449e-4 -0.9999995 -7.06949e-4 -7.9443e-4 -0.9999995 -7.06949e-4 -7.94429e-4 -0.9999995 -5.19441e-4 -7.76905e-4 -0.9999996 -5.19445e-4 -7.76873e-4 -0.9999996 -5.19433e-4 -7.76964e-4 -0.9999997 -6.49472e-4 -7.90187e-4 -0.9999995 -4.97359e-4 -7.77356e-4 -0.9999996 -4.13647e-4 -7.96022e-4 -0.9999997 -7.58038e-4 -7.21748e-4 -0.9999995 -4.20518e-4 -8.00832e-4 -0.9999997 -4.20522e-4 -8.00846e-4 -0.9999997 -4.20526e-4 -8.00865e-4 -0.9999997 -6.07946e-4 -7.47352e-4 -0.9999995 -6.07949e-4 -7.47362e-4 -0.9999996 -6.07955e-4 -7.47388e-4 -0.9999996 -5.84804e-4 -7.57289e-4 -0.9999996 -7.13659e-4 -7.30093e-4 -0.9999995 -7.13664e-4 -7.30114e-4 -0.9999995 -7.1367e-4 -7.30141e-4 -0.9999995 -3.19756e-4 -7.78919e-4 -0.9999997 -3.19756e-4 -7.78958e-4 -0.9999997 -3.19756e-4 -7.78938e-4 -0.9999997 -5.64645e-4 -7.62185e-4 -0.9999997 -5.1022e-4 -7.75815e-4 -0.9999996 -3.11936e-4 -8.2225e-4 -0.9999997 -3.11944e-4 -8.22283e-4 -0.9999997 -3.11939e-4 -8.22265e-4 -0.9999997 -4.59966e-4 -7.74453e-4 -0.9999996 -4.59965e-4 -7.74445e-4 -0.9999996 -4.59956e-4 -7.74373e-4 -0.9999996 -6.74273e-4 -8.21557e-4 -0.9999995 -6.55687e-4 -8.16094e-4 -0.9999995 -6.55681e-4 -8.16115e-4 -0.9999995 -6.55684e-4 -8.16104e-4 -0.9999995 -4.52034e-4 -7.58365e-4 -0.9999997 -4.52035e-4 -7.58361e-4 -0.9999997 -4.52033e-4 -7.5837e-4 -0.9999997 -5.45611e-4 -7.86909e-4 -0.9999996 -5.45612e-4 -7.86907e-4 -0.9999996 -5.45608e-4 -7.86918e-4 -0.9999996 -5.23738e-4 -7.76916e-4 -0.9999997 -5.23726e-4 -7.7696e-4 -0.9999997 -5.23734e-4 -7.76933e-4 -0.9999997 -5.35867e-4 -7.8671e-4 -0.9999996 -5.35873e-4 -7.86688e-4 -0.9999996 -5.35864e-4 -7.86721e-4 -0.9999996 -5.02221e-4 -7.73097e-4 -0.9999997 -7.50821e-4 -8.2847e-4 -0.9999994 -7.50827e-4 -8.28445e-4 -0.9999994 -7.50826e-4 -8.28448e-4 -0.9999994 -5.10318e-4 -7.79451e-4 -0.9999996 -5.44699e-4 -7.75222e-4 -0.9999997 -5.44699e-4 -7.75283e-4 -0.9999996 -5.44699e-4 -7.75246e-4 -0.9999996 -2.76817e-4 -7.71597e-4 -0.9999998 -2.76817e-4 -7.71599e-4 -0.9999997 -2.76817e-4 -7.71608e-4 -0.9999998 -4.61292e-4 -7.75049e-4 -0.9999996 -7.12104e-4 -7.6855e-4 -0.9999995 -5.08477e-4 -7.72798e-4 -0.9999997 -4.18393e-4 -7.74049e-4 -0.9999997 -5.11056e-4 -7.7457e-4 -0.9999997 -5.82756e-4 -7.75363e-4 -0.9999996 -0.2923054 0.3470414 -0.8911341 -0.296769 0.5069796 -0.8092588 -0.3782643 0.4495888 -0.8091886 -0.5203723 0.6192116 -0.5880389 -0.5730178 0.6821215 -0.4542698 -0.6176432 0.5223906 -0.5878987 0.4333318 0.5579365 -0.7077644 0.5214779 0.4765955 -0.7077553 0.5967373 0.5454634 -0.5885358 -0.4081831 0.6981878 -0.58815 -0.4494497 0.7690904 -0.4544172 -0.4489489 0.379273 -0.8090718 -0.3468787 0.2927089 -0.891065 0.4653519 -0.6620023 -0.5875378 0.3468549 -0.731149 -0.5874632 0.3821437 -0.8051608 -0.4535223 -0.8508148 0.5016355 -0.1564486 -0.8573919 0.5146641 -2.06679e-5 -0.923375 0.3506558 -0.156267 -0.8331259 0.3161078 -0.4538471 -0.7565361 0.2868755 -0.5876696 -0.7676791 0.4523158 -0.4539596 -0.987494 0.02304005 -0.1559644 -0.950957 0.02208 -0.3085345 -0.9693736 0.1895329 -0.1561804 -0.9771939 -0.1441741 -0.1559035 -0.9410286 -0.1389328 -0.3084848 -0.9895345 -0.1442953 5.95547e-4 -0.9387798 -0.307157 -0.1560359 -0.9504342 -0.310925 7.23317e-4 -0.9040656 -0.2959433 -0.3083553 -0.6801345 0.5754774 -0.4541398 -0.2893424 0.1089994 -0.9509996 -0.3914791 0.229947 -0.8909931 -0.4248554 0.1605487 -0.8909109 -0.1568666 0.002902686 -0.9876156 -0.1540267 0.02929711 -0.9876323 -0.3037526 0.05862557 -0.9509456 -0.4549255 0.5410801 -0.7073014 -0.5399165 0.4564369 -0.7072168 -0.3093993 0.006507694 -0.95091 -0.4459486 0.0864942 -0.8908696 -0.1467189 0.05478554 -0.9876599 -5.01029e-4 -7.84888e-4 -0.9999997 -0.1552312 -0.02357709 -0.9875969 -5.35741e-4 -7.84783e-4 -0.9999996 -0.3568567 0.6100545 -0.707451 -0.2485581 0.6615779 -0.7074839 -0.28424 0.7570777 -0.5882526 -0.1521454 0.7941701 -0.5883415 -0.1674547 0.8747725 -0.4546778 -0.1331111 0.6939613 -0.7076011 -0.01381647 0.7064346 -0.7076435 -0.01565861 0.8084341 -0.5883784 -0.01714295 0.8904772 -0.4547049 0.1059011 0.6985005 -0.7077302 0.1212546 0.7993447 -0.5885112 0.1336415 0.8804895 -0.4548388 0.2546851 0.7673051 -0.5885393 0.222487 0.670503 -0.7077608 0.2805921 0.8452181 -0.4548346 0.3327073 0.6231978 -0.7077643 0.3807851 0.7132107 -0.5885009 0.4194468 0.7855888 -0.4548789 0.4958778 0.6385208 -0.5885546 0.5462515 0.7034086 -0.4547809 0.680435 0.4367001 -0.5884737 0.7494534 0.4811054 -0.4548156 0.7871698 0.1849666 -0.5883461 0.8071523 0.04921197 -0.5882887 0.8890405 0.05435001 -0.454591 0.594596 0.381552 -0.7077243 0.6506503 0.2754861 -0.7076451 0.7444906 0.3153755 -0.588449 0.7288507 -0.3508726 -0.5879329 0.8028098 -0.386283 -0.4541826 0.7776127 -0.2226318 -0.5880082 0.7025697 -0.07700294 -0.7074365 0.8039671 -0.08794873 -0.5881345 0.7053683 0.04286813 -0.7075435 0.512615 -0.7289429 -0.4537271 0.5704891 -0.5737819 -0.5876366 0.6591518 -0.4690727 -0.5877837 0.6369287 -0.3068218 -0.7072356 0.5760439 -0.410157 -0.7070677 0.2183725 -0.779329 -0.5873328 0.08361119 -0.805122 -0.5871864 0.09217005 -0.8865189 -0.4534192 0.4066431 -0.5787669 -0.7068736 0.3030559 -0.6392188 -0.7067931 -0.3194431 -0.7438451 -0.5870696 -0.35175 -0.8190697 -0.4532072 -0.1892442 -0.7870765 -0.5871092 -0.04693949 -0.706107 -0.7065477 -0.05359166 -0.8076997 -0.5871536 0.07298243 -0.7038122 -0.7066272 -0.706363 -0.543655 -0.4533107 -0.5488735 -0.5950138 -0.5871086 -0.6415026 -0.4937553 -0.5870948 -0.4405117 -0.6791876 -0.5870721 -0.2793207 -0.6502601 -0.7064998 -0.3850989 -0.5938078 -0.7064638 -0.312956 0.8339781 -0.4544656 -0.8845167 -0.4665081 8.27342e-4 -0.873405 -0.4614528 -0.1556442 -0.7880454 -0.4165132 -0.4533225 -0.8470595 -0.2773714 -0.4533821 -0.8410934 -0.4444492 -0.3082643 -0.7691931 -0.2519841 -0.5872359 -0.7156009 -0.3783045 -0.5871977 -0.6255846 -0.3308116 -0.7065463 -0.4018789 -0.2127318 -0.8906395 -0.5590773 -0.1833801 -0.8085818 -0.5201041 -0.2751573 -0.8085668 -0.6723739 -0.2203854 -0.7066425 -0.273718 -0.1450612 -0.950808 -0.4319393 -0.1418436 -0.890679 -0.2941375 -0.09680598 -0.9508479 -0.1388135 -0.07382261 -0.9875632 -0.1491856 -0.04939728 -0.9875746 -5.60075e-4 -8.00448e-4 -0.9999995 -0.7828622 -0.6024283 -0.1555864 -0.7933529 -0.6087616 8.7592e-4 -0.5607807 -0.4317358 -0.7064908 -0.4798372 -0.5202459 -0.7064705 -0.4850527 -0.7478961 -0.4531836 -0.6044186 -0.655184 -0.4532243 -0.1654981 -0.6880926 -0.7064977 0.8855156 -0.09671765 -0.4544314 -0.2083344 -0.8666716 -0.4532961 -0.05892288 -0.8894342 -0.4532495 0.1907918 -0.6813286 -0.7066752 0.2406117 -0.8581921 -0.453445 0.4985206 -0.5016413 -0.706989 0.7260417 -0.5164639 -0.4540138 0.62839 -0.6318053 -0.4538151 0.6795586 -0.1946878 -0.7073166 0.8565079 -0.2450377 -0.4542586 0.6879235 0.1615189 -0.7075824 0.8200403 0.3474951 -0.4547319 0.8670622 0.2038716 -0.4545765 0.6573426 0.6009181 -0.4547508 -0.6697714 -0.7260718 -0.155647 -0.6795409 -0.7336371 9.00187e-4 -0.9325826 0.3609566 1.81556e-4 -0.7539151 -0.5801884 -0.3082101 -0.4662724 -0.3590666 -0.8084932 -0.3602592 -0.2775343 -0.8906111 -0.2453882 -0.1891626 -0.9507904 -0.1244761 -0.0961396 -0.987554 -5.29192e-4 -7.85548e-4 -0.9999996 -0.5375494 -0.828774 -0.1554811 -0.5463123 -0.837581 9.15721e-4 -0.6450836 -0.699222 -0.3081492 -0.3989622 -0.432604 -0.8085067 -0.308317 -0.3343572 -0.8905875 -0.2100271 -0.227841 -0.9507772 -0.1066044 -0.1157504 -0.9875411 -5.3969e-4 -8.0014e-4 -0.9999996 -0.3896711 -0.9077084 -0.1556338 -0.3975069 -0.9175988 8.61108e-4 -0.5176642 -0.7981725 -0.3081306 -0.3202331 -0.4937492 -0.808494 -0.247442 -0.3815062 -0.8906322 -0.1686282 -0.2599799 -0.9507761 -0.08562719 -0.1320229 -0.9875414 -5.14459e-4 -8.15894e-4 -0.9999996 -0.2307158 -0.9604907 -0.1556533 -0.2373611 -0.9714211 8.43324e-4 -0.3753707 -0.8741419 -0.3081766 -0.232306 -0.5407176 -0.8084915 -0.1795507 -0.4178389 -0.8906021 -0.1223965 -0.2846878 -0.9507744 -0.06221354 -0.1444987 -0.9875473 -4.98723e-4 -7.72812e-4 -0.9999997 -0.06514954 -0.9856627 -0.1556425 -0.0704419 -0.9975156 7.80947e-4 -0.222286 -0.9249712 -0.3082486 -0.1376848 -0.5721219 -0.8085292 -0.1064749 -0.4420638 -0.8906418 -0.07265323 -0.3011962 -0.9507905 -0.03704071 -0.1528794 -0.9875506 -5.16083e-4 -8.24377e-4 -0.9999996 0.1023648 -0.9824799 -0.1557394 0.09851688 -0.9951351 7.06628e-4 -0.06280088 -0.9491931 -0.3083643 -0.0391395 -0.5871262 -0.8085488 -0.03035736 -0.4537228 -0.8906258 -0.02083921 -0.3090763 -0.9508089 -0.01080447 -0.1567922 -0.9875726 -5.11914e-4 -7.93539e-4 -0.9999996 0.2669512 -0.9510165 -0.1558996 0.2646363 -0.9643482 5.69157e-4 0.09847515 -0.9461805 -0.3082938 0.06054764 -0.5851944 -0.8086295 0.04662638 -0.4521985 -0.8906978 0.03156048 -0.3080445 -0.9508484 0.01572304 -0.1563414 -0.9875779 -4.97166e-4 -8.28147e-4 -0.9999995 0.4237726 -0.8922387 -0.1559709 0.423206 -0.9060334 4.50052e-4 0.2569227 -0.9158961 -0.3084238 0.1584593 -0.5665156 -0.8086722 0.1222498 -0.4377545 -0.8907446 0.08303815 -0.2982414 -0.9508716 0.04178357 -0.1513895 -0.9875907 -4.93777e-4 -8.23714e-4 -0.9999996 0.5684314 -0.8077913 -0.1560737 0.56972 -0.8218388 3.31737e-4 0.4079664 -0.8592391 -0.3086612 0.2518101 -0.5315346 -0.8087415 0.1943644 -0.4107404 -0.8907945 0.1321079 -0.2798099 -0.9509227 0.06661766 -0.142031 -0.987618 -5.02177e-4 -7.72379e-4 -0.9999997 0.6967649 -0.7000729 -0.1562587 0.6999661 -0.7141761 1.48006e-4 0.5472608 -0.7779319 -0.3087519 0.3379032 -0.4812644 -0.8088302 0.260846 -0.371924 -0.8908602 0.1773813 -0.2534466 -0.9509474 0.08953112 -0.1286828 -0.987636 -4.92223e-4 -7.95588e-4 -0.9999997 0.8050285 -0.5722432 -0.1564192 0.8101835 -0.5861763 -1.2055e-5 0.6708092 -0.6742087 -0.3089625 0.414259 -0.4171457 -0.808937 0.3198406 -0.3224048 -0.8909306 0.2175074 -0.2196971 -0.9510119 0.109853 -0.1116217 -0.9876603 -5.06505e-4 -7.70759e-4 -0.9999997 0.8901398 -0.4279455 -0.1565694 0.897308 -0.441405 -1.23046e-4 0.7750891 -0.5511493 -0.3089845 0.4786992 -0.3410938 -0.8090131 0.3695951 -0.2636513 -0.8910037 0.2514101 -0.179744 -0.9510443 0.1270114 -0.09138131 -0.987683 -5.06092e-4 -7.58588e-4 -0.9999997 0.9496371 -0.2713298 -0.1567472 0.9588147 -0.2840319 -3.11546e-4 0.8570324 -0.4121946 -0.309178 0.5293161 -0.2552238 -0.8091263 0.4087119 -0.197333 -0.8910748 0.2779923 -0.134567 -0.951111 0.1405155 -0.06853449 -0.9877037 -4.76599e-4 -7.87366e-4 -0.9999997 0.9818145 -0.1069467 -0.1568528 0.9929473 -0.1185556 -4.61534e-4 0.9143 -0.2613986 -0.3093971 0.5647566 -0.1620277 -0.8091953 0.4360605 -0.1253445 -0.8911454 0.2966468 -0.08559429 -0.9511438 0.1498987 -0.04372745 -0.987734 -4.86441e-4 -7.90743e-4 -0.9999996 0.9987334 0.05031329 -5.65484e-4 0.9857454 0.06051832 -0.1569825 0.9453021 -0.1031131 -0.3094702 0.5838904 -0.06420105 -0.8092901 0.4508582 -0.04979282 -0.8912057 0.3067032 -0.03416067 -0.9511921 0.1550046 -0.0176866 -0.9877555 -5.16236e-4 -7.69192e-4 -0.9999996 0.9760079 0.2177339 -6.75783e-4 0.9613113 0.2262842 -0.1570864 0.9490908 0.05815088 -0.3095886 0.5862503 0.03547 -0.8093532 0.4527022 0.0271843 -0.8912473 0.307918 0.01823407 -0.9512382 0.1556191 0.008835852 -0.9877777 -4.56266e-4 -7.75586e-4 -0.9999997 0.9254108 0.378965 -7.71597e-4 0.9092069 0.3855379 -0.1571729 0.9255741 0.2177447 -0.309677 0.5717134 0.1340907 -0.8094217 0.4414074 0.1033581 -0.8913342 0.3003094 0.07008647 -0.9512635 0.1517925 0.03509318 -0.9877893 -4.77105e-4 -7.62329e-4 -0.9999997 0.8484123 0.5293354 -8.53218e-4 0.8309642 0.5336346 -0.1572672 0.8753827 0.3710418 -0.3098922 0.5406755 0.2288206 -0.809513 0.4174851 0.1765459 -0.8913686 0.2839981 0.1199023 -0.9512984 0.1435179 0.06031596 -0.987808 -4.92841e-4 -7.53816e-4 -0.9999996 0.7471862 0.6646142 -8.81165e-4 0.7288581 0.666343 -0.1573308 0.8000628 0.5136842 -0.3098842 0.494178 0.3170045 -0.8095037 0.3815202 0.2446222 -0.8914046 0.2595273 0.1662499 -0.9513183 0.1310865 0.0837447 -0.9878275 -4.97371e-4 -7.55642e-4 -0.9999996 0.624626 0.7809236 -9.12711e-4 0.6056655 0.7800115 -0.1573261 0.7017031 0.6415089 -0.3099661 0.433332 0.3959797 -0.8095823 0.3345665 0.3056623 -0.8914235 0.2275967 0.2078309 -0.9513181 0.1149274 0.1047837 -0.9878321 -4.88494e-4 -7.59248e-4 -0.9999996 0.4842256 0.8749427 -9.32559e-4 0.4651477 0.8711357 -0.1573539 0.5831568 0.7509205 -0.3099139 0.3600839 0.4636108 -0.8095706 0.2779753 0.3578655 -0.8914382 0.1890338 0.2433182 -0.9513478 0.09544181 0.1227725 -0.9878349 -4.98034e-4 -7.88197e-4 -0.9999997 0.3300355 0.9439681 -9.4445e-4 0.3112125 0.937228 -0.1573232 0.4478176 0.8387128 -0.3098717 0.2764276 0.5178382 -0.8095871 0.2133791 0.3997676 -0.8914344 0.1450458 0.2717943 -0.9513621 0.07317119 0.137208 -0.987836 -4.95091e-4 -7.53909e-4 -0.9999997 0.16638 0.9860613 -8.6879e-4 0.1482649 0.9763625 -0.1572701 0.2995975 0.9023437 -0.3098664 0.1848371 0.5571496 -0.80958 0.1426436 0.430197 -0.8913941 0.09690558 0.2925218 -0.9513362 0.04878193 0.1476523 -0.9878356 -5.11106e-4 -7.70822e-4 -0.9999996 -0.001993775 0.9999978 -7.90387e-4 -0.01882833 0.9873876 -0.1571984 0.1427353 0.9399983 -0.3098872 0.08790522 0.5804823 -0.8095141 0.0677585 0.4481279 -0.891398 0.04594498 0.3047239 -0.9513319 0.02299594 0.153851 -0.9878265 -5.10298e-4 -7.51242e-4 -0.9999996 -0.1724936 0.9850104 -6.8327e-4 -0.185455 0.9700147 -0.1570919 -0.01821106 0.9506167 -0.3098329 -0.01157486 0.5870392 -0.8094759 -0.009073436 0.4531872 -0.8913692 -0.00635457 0.3082582 -0.9512816 -0.003475666 0.1556758 -0.9878022 -5.17838e-4 -7.34165e-4 -0.9999996 -0.3379372 0.9411686 -5.58123e-4 -0.346732 0.9247372 -0.1569652 -0.178649 0.9338796 -0.3097635 -0.1107239 0.5767292 -0.8093972 -0.08565139 0.4452242 -0.8913133 -0.05847734 0.3027889 -0.951262 -0.02986258 0.1528686 -0.9877952 -5.20022e-4 -7.99514e-4 -0.9999996 -0.4934684 0.8697637 -4.44792e-4 -0.4980583 0.8528405 -0.1568475 -0.3339636 0.8903058 -0.3095546 -0.2066967 0.5496973 -0.8093884 -0.1597918 0.4243776 -0.8912745 -0.1089338 0.2885667 -0.9512428 -0.05540889 0.1457267 -0.9877721 -5.24206e-4 -7.236e-4 -0.9999997 -0.6345583 0.772875 -2.99148e-4 -0.6350471 0.7564127 -0.1567013 -0.4796722 0.8210825 -0.3094161 -0.2293455 0.39138 -0.8911916 -0.1562977 0.2661485 -0.9511761 -0.07937002 0.134316 -0.9877549 -5.241e-4 -7.50855e-4 -0.9999997 -0.7537723 0.6382097 -0.1565752 -0.7570583 0.6533475 -1.67482e-4 -0.611559 0.7282483 -0.3092736 -0.1991319 0.2359377 -0.9511467 -0.1010401 0.1190049 -0.9877392 -5.32754e-4 -7.43993e-4 -0.9999997 -0.72588 0.614395 -0.3092199 -0.5066706 0.2979798 -0.8090075 -0.2362395 0.1989426 -0.9511114 -0.1198619 0.1003426 -0.9877067 -5.19656e-4 -7.37589e-4 -0.9999996 -0.6971035 0.4105473 -0.5877906 -0.8193095 0.4829353 -0.3090398 -0.6093887 0.3586862 -0.7070996 -0.2666746 0.1562683 -0.9510337 -0.1351984 0.07866299 -0.987691 -5.13799e-4 -7.89363e-4 -0.9999996 -0.9804782 0.1966276 3.26872e-4 -0.6613298 0.2505849 -0.7070009 -0.8891379 0.3375279 -0.309045 -0.5499047 0.2081591 -0.8088725 -0.4542974 0.009959518 -0.8907944 -5.30668e-4 -7.64042e-4 -0.9999996 -0.9996475 0.02654504 5.21161e-4 -0.8746131 0.1707844 -0.4537452 -0.7942402 0.15494 -0.587517 -0.933453 0.1824471 -0.3088343 -0.6942999 0.1352701 -0.7068591 -0.5772507 0.1122676 -0.8088126 -5.42469e-4 -7.61436e-4 -0.9999997 -0.8817219 -0.1302894 -0.4534218 -0.8909841 0.02055567 -0.4535692 -0.8090698 0.0185272 -0.5874206 -0.7072945 0.01604503 -0.7067369 -0.588032 0.01316392 -0.8087307 -5.57423e-4 -7.68642e-4 -0.9999997 -0.8006579 -0.11843 -0.5873 -0.6999303 -0.1036647 -0.706648 -0.5818936 -0.08634084 -0.8086688 -0.4495653 -0.06688922 -0.8907396 -0.3062124 -0.04579997 -0.9508609</float_array>
          <technique_common>
            <accessor source="#ID5_002-mesh-normals-array" count="3116" stride="3">
              <param name="X" type="float"/>
              <param name="Y" type="float"/>
              <param name="Z" type="float"/>
            </accessor>
          </technique_common>
        </source>
        <vertices id="ID5_002-mesh-vertices">
          <input semantic="POSITION" source="#ID5_002-mesh-positions"/>
        </vertices>
        <triangles material="ID11_001-material" count="3480">
          <input semantic="VERTEX" source="#ID5_002-mesh-vertices" offset="0"/>
          <input semantic="NORMAL" source="#ID5_002-mesh-normals" offset="1"/>
          <p>0 0 2 0 1 0 1 1 3 1 0 1 4 2 1 2 5 2 1 3 4 3 3 3 6 4 8 4 7 4 9 5 5 5 1 5 10 6 12 6 11 6 6 7 13 7 8 7 14 8 16 8 15 8 17 9 19 9 18 9 20 10 22 10 21 10 23 11 18 11 24 11 18 12 25 12 24 12 26 13 28 13 27 13 28 14 26 14 29 14 30 15 31 15 21 15 32 16 33 16 26 16 21 17 27 17 34 17 35 18 32 18 36 18 32 19 38 19 37 19 38 20 32 20 39 20 32 21 35 21 39 21 40 22 33 22 32 22 37 23 40 23 32 23 41 24 21 24 34 24 21 25 32 25 26 25 21 26 26 26 27 26 21 27 41 27 30 27 21 28 42 28 20 28 42 29 21 29 31 29 43 30 14 30 15 30 43 31 18 31 14 31 44 32 46 32 45 32 46 33 47 33 45 33 16 34 14 34 48 34 49 35 45 35 47 35 48 36 50 36 16 36 49 37 51 37 45 37 52 38 50 38 53 38 12 39 45 39 51 39 53 40 54 40 52 40 10 41 45 41 12 41 55 42 52 42 54 42 56 43 57 43 55 43 58 44 56 44 55 44 56 45 59 45 57 45 11 46 60 46 10 46 61 47 57 47 62 47 63 48 64 48 10 48 63 49 65 49 64 49 66 50 67 50 61 50 65 51 68 51 64 51 69 52 67 52 70 52 8 53 72 53 71 53 73 54 75 54 74 54 76 55 78 55 77 55 79 56 6 56 7 56 80 57 81 57 77 57 82 58 77 58 83 58 84 59 85 59 77 59 84 60 77 60 86 60 87 61 77 61 81 61 85 62 80 62 77 62 9 63 79 63 7 63 78 64 83 64 77 64 87 65 69 65 88 65 89 66 76 66 77 66 90 67 89 67 77 67 1 68 91 68 9 68 79 69 9 69 91 69 92 70 93 70 1 70 1 71 93 71 91 71 94 72 95 72 1 72 1 73 95 73 92 73 82 74 96 74 1 74 1 75 96 75 94 75 77 76 82 76 1 76 87 77 88 77 77 77 90 78 77 78 88 78 69 79 97 79 88 79 67 80 66 80 70 80 69 81 70 81 97 81 61 82 62 82 66 82 57 83 59 83 62 83 58 84 55 84 54 84 48 85 53 85 50 85 98 86 64 86 68 86 44 87 45 87 29 87 99 88 18 88 19 88 43 89 17 89 18 89 29 90 45 90 28 90 18 91 99 91 25 91 23 92 45 92 18 92 100 93 101 93 45 93 100 94 45 94 23 94 101 95 28 95 45 95 60 96 63 96 10 96 75 97 102 97 98 97 98 98 68 98 75 98 73 99 74 99 103 99 102 100 75 100 73 100 71 101 104 101 74 101 103 102 74 102 104 102 8 103 13 103 72 103 71 104 72 104 104 104 105 105 107 106 106 107 108 108 110 109 109 110 109 110 112 111 111 112 113 113 115 114 114 115 116 116 118 117 117 118 119 119 121 120 120 121 114 115 123 122 122 123 124 124 126 125 125 126 127 127 129 128 128 129 130 130 132 131 131 132 133 133 135 134 134 135 136 136 138 137 137 138 139 139 141 140 140 141 142 142 144 143 143 144 145 145 147 146 146 147 148 148 150 149 149 150 151 151 144 143 152 152 153 153 155 154 154 155 156 156 158 157 157 158 159 159 160 160 154 155 153 153 154 155 160 160 159 159 162 161 161 162 161 162 160 160 159 159 163 163 162 161 164 164 162 161 163 163 161 162 165 165 166 166 164 164 163 163 164 164 166 166 165 165 168 167 167 168 167 168 166 166 165 165 167 168 170 169 169 170 170 169 167 168 168 167 171 171 169 170 172 172 170 169 172 172 169 170 172 172 174 173 173 174 173 174 171 171 172 172 144 143 142 142 152 152 155 154 157 158 158 157 157 158 155 154 153 153 148 148 158 157 156 156 150 149 151 151 149 150 156 156 150 149 148 148 149 150 151 151 152 152 137 138 146 147 147 146 145 145 143 144 147 146 142 142 143 144 145 145 138 137 146 147 137 138 138 137 136 136 141 140 139 139 140 141 130 130 140 141 141 140 136 136 129 128 127 127 125 126 134 135 131 132 132 131 130 130 131 132 139 139 133 133 126 125 135 134 132 131 133 133 134 135 125 126 127 127 124 124 135 134 126 125 124 124 129 128 120 121 128 129 115 114 116 116 117 118 116 116 115 114 113 113 121 120 119 119 123 122 121 120 128 129 120 121 114 115 122 123 113 113 122 123 123 122 119 119 118 117 110 109 108 108 116 116 110 109 118 117 112 111 106 107 107 106 112 111 107 106 111 112 108 108 109 110 111 112 106 107 175 175 105 105 176 176 178 176 177 176 176 177 177 177 179 177 180 178 182 179 181 180 183 181 185 182 184 183 184 183 187 184 186 185 188 186 190 187 189 188 185 182 192 189 191 190 193 191 195 192 194 193 189 188 197 194 196 195 198 196 200 197 199 198 201 199 203 200 202 201 204 202 206 203 205 204 207 205 209 206 208 207 210 208 212 209 211 210 213 211 215 212 214 213 216 214 218 215 217 216 219 217 221 218 220 219 222 220 224 221 223 222 225 223 218 215 226 224 227 225 229 226 228 227 230 228 228 227 229 226 227 225 232 229 231 230 231 230 229 226 227 225 233 231 232 229 234 232 232 229 233 231 231 230 235 233 236 234 234 232 233 231 234 232 236 234 235 233 238 235 237 236 237 236 236 234 235 233 239 237 238 235 240 238 238 235 239 237 237 236 241 239 242 240 240 238 239 237 240 238 242 240 241 239 244 241 243 242 243 242 242 240 241 239 219 217 216 214 217 216 230 228 224 221 222 220 230 228 222 220 228 227 217 216 221 218 219 217 226 224 223 222 225 223 224 221 225 223 223 222 218 215 216 214 226 224 205 204 206 203 208 207 221 218 211 210 220 219 212 209 220 219 211 210 213 211 204 202 205 204 210 208 214 213 215 212 215 212 212 209 210 208 213 211 214 213 204 202 194 193 195 192 202 201 206 203 207 205 208 207 209 206 200 197 198 196 200 197 209 206 207 205 201 199 198 196 199 198 203 200 194 193 202 201 201 199 199 198 203 200 196 195 188 186 189 188 196 195 197 194 193 191 197 194 195 192 193 191 190 187 188 186 191 190 191 190 192 189 190 187 245 243 185 182 183 181 185 182 245 243 192 189 187 184 182 179 186 185 183 181 184 183 186 185 180 178 181 180 246 244 182 179 187 184 181 180 247 245 249 246 248 247 250 248 252 249 251 250 253 251 255 252 254 253 247 254 257 255 256 256 258 257 260 258 259 259 259 260 261 261 254 262 262 263 264 264 263 265 265 266 267 267 266 268 268 269 270 270 269 271 271 272 273 273 272 274 274 275 250 276 251 277 275 278 277 279 276 280 278 281 280 282 279 283 281 284 277 285 282 286 283 287 285 288 284 289 286 290 288 290 287 290 288 291 286 292 289 293 290 294 292 295 291 296 293 297 292 298 290 299 294 300 280 301 295 302 286 303 287 304 296 305 250 306 274 307 297 308 298 309 299 310 275 311 300 312 271 313 272 314 301 315 302 316 297 317 272 318 273 319 303 320 304 321 305 322 303 323 306 324 307 325 270 326 308 327 310 328 309 329 311 330 307 331 312 332 313 333 267 334 314 335 315 336 314 337 316 338 317 339 319 340 318 341 319 342 321 343 320 344 322 345 324 346 323 347 317 348 260 349 258 350 325 351 327 352 326 353 326 354 327 355 328 356 329 357 323 357 330 357 251 358 252 359 331 360 285 361 332 362 331 363 333 364 288 365 289 366 334 367 293 368 290 369 335 370 334 371 333 372 283 373 284 374 292 375 292 376 284 377 291 378 332 379 285 380 283 381 251 382 331 383 332 384 296 385 287 385 336 385 337 386 338 387 279 388 339 389 341 390 340 391 301 392 297 393 274 394 300 395 302 396 271 397 271 398 302 399 301 400 342 401 343 402 341 403 344 404 345 405 342 406 346 407 347 408 344 409 304 410 303 411 273 412 269 413 305 414 268 415 268 416 305 417 304 418 348 419 350 420 349 421 350 422 352 423 351 424 306 425 270 426 268 427 352 428 308 429 309 430 312 431 307 432 306 433 315 434 316 435 312 436 312 437 316 438 311 439 308 440 353 441 310 442 354 443 356 444 355 445 313 446 314 447 315 448 356 449 358 450 357 451 266 452 267 453 313 454 320 455 321 456 266 457 266 458 321 459 265 460 359 461 360 462 358 463 361 464 263 465 362 466 318 467 319 468 320 469 260 470 317 471 318 472 324 473 322 473 363 473 260 474 261 475 259 476 253 477 254 478 261 479 257 480 255 481 256 482 256 483 255 484 253 485 256 486 249 487 247 488 363 489 248 490 364 491 364 492 248 493 249 494 324 495 363 496 364 497 365 498 366 499 262 500 324 501 330 501 323 501 367 502 329 503 368 504 330 505 368 506 329 507 369 508 328 509 327 510 370 511 369 512 367 513 371 514 325 515 372 516 372 517 325 518 326 519 366 520 365 521 372 522 372 523 365 524 371 525 264 526 262 527 366 528 362 529 263 530 264 531 360 532 359 533 362 534 362 535 359 536 361 537 357 538 358 539 360 540 355 541 356 542 357 543 353 544 354 545 310 546 310 547 354 548 355 549 351 550 352 551 309 552 349 553 350 554 351 555 346 556 348 557 347 558 347 559 348 560 349 561 345 562 344 563 347 564 343 565 342 566 345 567 340 568 341 569 343 570 338 571 337 572 340 573 340 574 337 575 339 576 278 577 279 578 338 579 295 580 280 581 278 582 282 583 294 584 281 585 281 586 294 587 295 588 281 589 276 590 277 591 298 592 275 593 276 594 373 595 299 596 374 597 374 598 299 599 298 600 296 601 373 602 374 603 373 604 296 604 336 604 375 605 377 605 376 605 378 606 380 606 379 606 375 607 376 607 381 607 382 608 384 608 383 608 385 609 387 609 386 609 388 610 389 610 385 610 390 611 392 611 391 611 393 612 395 612 394 612 396 613 398 613 397 613 399 614 401 614 400 614 402 615 404 615 403 615 405 616 407 616 406 616 408 617 410 617 409 617 411 618 410 618 412 618 413 619 415 619 414 619 416 620 418 620 417 620 419 621 416 621 420 621 421 622 422 622 413 622 423 623 425 623 424 623 426 624 428 624 427 624 429 625 414 625 430 625 431 626 433 626 432 626 434 627 429 627 431 627 435 628 429 628 434 628 419 629 420 629 424 629 429 630 433 630 431 630 416 631 419 631 418 631 421 632 413 632 436 632 418 633 408 633 417 633 437 634 439 634 438 634 408 635 409 635 417 635 440 636 379 636 406 636 411 637 409 637 410 637 441 638 411 638 412 638 442 639 437 639 443 639 444 640 446 640 445 640 447 641 448 641 441 641 396 642 450 642 449 642 451 643 453 643 452 643 454 644 456 644 455 644 457 645 459 645 458 645 460 646 398 646 461 646 462 647 464 647 463 647 465 648 461 648 466 648 463 649 394 649 462 649 467 650 469 650 468 650 470 651 472 651 471 651 473 652 472 652 474 652 470 653 474 653 472 653 475 654 474 654 476 654 474 655 470 655 476 655 477 656 444 656 478 656 412 657 447 657 441 657 479 658 480 658 446 658 481 659 483 659 482 659 406 660 484 660 440 660 433 661 486 661 485 661 425 662 423 662 427 662 424 663 420 663 423 663 485 664 432 664 433 664 487 665 437 665 442 665 488 666 428 666 426 666 428 667 425 667 427 667 488 668 489 668 422 668 489 669 488 669 426 669 413 670 489 670 415 670 422 671 489 671 413 671 443 672 437 672 490 672 479 673 492 673 491 673 456 674 454 674 464 674 471 675 391 675 392 675 493 676 395 676 393 676 494 677 496 677 495 677 393 678 387 678 493 678 495 679 496 679 497 679 453 680 449 680 450 680 396 681 397 681 450 681 389 682 382 682 385 682 385 683 386 683 388 683 461 684 465 684 460 684 498 685 383 685 384 685 392 686 390 686 466 686 474 687 375 687 473 687 471 688 472 688 391 688 390 689 465 689 466 689 460 690 397 690 398 690 451 691 452 691 448 691 449 692 453 692 451 692 441 693 448 693 452 693 455 694 499 694 492 694 500 695 502 695 501 695 499 696 455 696 456 696 437 697 487 697 439 697 499 698 491 698 492 698 479 699 491 699 480 699 503 700 378 700 379 700 446 701 480 701 445 701 483 702 503 702 482 702 503 703 483 703 378 703 404 704 402 704 478 704 482 705 414 705 481 705 404 706 486 706 403 706 413 707 414 707 429 707 481 708 414 708 415 708 429 709 430 709 433 709 485 710 486 710 404 710 477 711 446 711 444 711 402 712 477 712 478 712 463 713 464 713 454 713 395 714 462 714 394 714 393 715 386 715 387 715 469 716 496 716 494 716 504 717 495 717 497 717 382 718 389 718 384 718 497 719 473 719 504 719 505 720 498 720 381 720 505 721 383 721 498 721 375 722 504 722 473 722 506 723 375 723 498 723 381 724 498 724 375 724 375 725 506 725 504 725 507 726 509 726 508 726 468 727 469 727 494 727 400 728 510 728 399 728 511 729 512 729 400 729 458 730 510 730 457 730 501 731 502 731 513 731 467 732 509 732 513 732 457 733 515 733 514 733 407 734 405 734 516 734 437 735 517 735 490 735 438 736 439 736 518 736 519 737 516 737 520 737 521 738 438 738 522 738 438 739 518 739 522 739 523 740 516 740 524 740 521 741 526 741 525 741 525 742 438 742 521 742 380 743 406 743 379 743 380 744 527 744 526 744 526 745 527 745 525 745 380 746 526 746 406 746 407 747 484 747 406 747 516 748 405 748 524 748 523 749 520 749 516 749 457 750 516 750 528 750 519 751 528 751 516 751 515 752 457 752 529 752 457 753 528 753 529 753 514 754 530 754 457 754 457 755 510 755 400 755 530 756 459 756 457 756 500 757 531 757 502 757 468 758 509 758 467 758 400 759 401 759 511 759 507 760 508 760 400 760 400 761 512 761 507 761 532 762 508 762 509 762 533 763 509 763 468 763 509 764 533 764 532 764 513 765 509 765 501 765 531 766 535 766 534 766 500 767 535 767 531 767 536 768 517 768 534 768 531 769 534 769 517 769 537 770 517 770 538 770 517 771 536 771 538 771 490 772 517 772 539 772 517 773 537 773 539 773 540 774 542 775 541 776 543 777 545 778 544 779 546 780 548 781 547 782 549 783 551 784 550 785 552 786 554 787 553 788 555 789 557 790 556 791 558 792 560 793 559 794 561 795 563 796 562 797 564 798 566 799 565 800 567 801 569 802 568 803 570 804 572 805 571 806 573 807 575 808 574 809 576 810 578 811 577 812 579 813 581 814 580 815 582 816 580 815 581 814 579 813 584 817 583 818 583 818 581 814 579 813 585 819 584 817 586 820 584 817 585 819 583 818 587 821 588 822 586 820 585 819 586 820 588 822 587 821 590 823 589 824 589 824 588 822 587 821 591 825 590 823 592 826 590 823 591 825 589 824 582 816 573 807 580 815 591 825 592 826 593 827 575 808 576 810 574 809 573 807 582 816 575 808 564 798 556 791 566 799 569 802 577 812 578 811 577 812 574 809 576 810 568 803 569 802 578 811 572 805 570 804 567 801 572 805 567 801 568 803 562 797 571 806 561 795 571 806 562 797 570 804 561 795 565 800 563 796 563 796 565 800 566 799 559 794 549 783 558 792 557 790 555 789 544 779 556 791 564 798 555 789 560 793 545 778 543 777 545 778 557 790 544 779 559 794 560 793 543 777 550 785 558 792 549 783 551 784 552 786 553 788 551 784 553 788 550 785 541 776 547 782 548 781 554 787 546 780 547 782 552 786 546 780 554 787 541 776 548 781 540 774 594 828 596 829 595 830 594 831 595 832 597 833 598 834 600 835 599 836 601 837 603 838 602 839 604 840 606 841 605 842 607 843 609 844 608 845 610 846 612 847 611 848 613 849 615 850 614 851 616 852 618 853 617 854 619 855 621 856 620 857 622 858 624 859 623 860 625 861 627 862 626 863 628 864 630 865 629 866 631 867 633 868 632 869 634 870 636 871 635 872 637 873 639 874 638 875 640 876 638 875 639 874 637 873 642 877 641 878 641 878 639 874 637 873 643 879 642 877 644 880 642 877 643 879 641 878 645 881 646 882 644 880 643 879 644 880 646 882 645 881 648 883 647 884 647 884 646 882 645 881 649 885 648 883 650 886 648 883 649 885 647 884 631 867 638 875 640 876 649 885 650 886 651 887 640 876 633 868 631 867 613 849 614 851 622 858 633 868 634 870 632 869 619 855 620 857 629 866 635 872 632 869 634 870 636 871 626 863 627 862 627 862 635 872 636 871 625 861 626 863 630 865 620 857 628 864 629 866 630 865 628 864 625 861 623 860 621 856 619 855 622 858 614 851 624 859 621 856 623 860 624 859 613 849 602 839 615 850 603 838 601 837 618 853 603 838 615 850 602 839 605 842 612 847 604 840 607 843 616 852 617 854 617 854 618 853 601 837 607 843 608 845 616 852 606 841 599 836 605 842 611 848 609 844 610 846 609 844 611 848 608 845 604 840 612 847 610 846 598 834 599 836 606 841 652 888 654 889 653 890 652 891 653 892 655 893 656 894 658 894 657 894 659 895 661 895 660 895 662 896 664 896 663 896 665 897 667 897 666 897 668 898 669 898 660 898 659 899 670 899 661 899 660 900 669 900 659 900 671 901 669 901 668 901 664 902 661 902 670 902 667 903 662 903 663 903 663 904 664 904 670 904 666 905 656 905 665 905 667 906 665 906 662 906 658 907 672 907 657 907 666 908 658 908 656 908 673 909 674 909 672 909 657 910 672 910 674 910 673 911 676 911 675 911 675 912 674 912 673 912 677 913 676 913 678 913 676 914 677 914 675 914 679 915 677 915 678 915 679 916 681 916 680 916 681 917 679 917 678 917 682 918 680 918 683 918 681 919 683 919 680 919 684 920 686 920 685 920 682 921 683 921 686 921 687 922 689 922 688 922 690 923 692 923 691 923 689 924 692 924 690 924 692 925 689 925 687 925 685 926 691 926 684 926 685 927 690 927 691 927 684 928 682 928 686 928 693 929 695 930 694 931 696 932 698 933 697 934 699 935 693 929 700 936 693 929 699 935 695 930 700 936 702 937 701 938 701 938 699 935 700 936 703 939 704 940 702 937 701 938 702 937 704 940 705 941 703 939 706 942 703 939 705 941 704 940 695 930 707 943 694 931 708 944 709 945 707 943 694 931 707 943 709 945 710 946 708 944 711 947 708 944 710 946 709 945 711 947 713 948 712 949 712 949 710 946 711 947 697 934 698 933 713 948 712 949 713 948 698 933 714 950 716 951 715 952 717 953 719 954 718 955 720 956 722 957 721 958 723 959 725 960 724 961 726 962 728 963 727 964 729 965 731 966 730 967 732 968 734 969 733 970 735 971 737 972 736 973 738 974 740 975 739 976 741 977 743 978 742 979 744 980 746 981 745 982 747 983 749 984 748 985 750 986 752 987 751 988 753 989 755 990 754 991 750 986 757 992 756 993 757 992 750 986 751 988 758 994 759 995 756 993 756 993 757 992 758 994 760 996 759 995 761 997 758 994 761 997 759 995 760 996 763 998 762 999 763 998 760 996 761 997 764 1000 765 1001 762 999 762 999 763 998 764 1000 706 942 765 1001 766 1002 764 1000 766 1002 765 1001 705 941 706 942 766 1002 755 990 753 989 752 987 751 988 752 987 753 989 745 982 746 981 754 991 755 990 745 982 754 991 747 983 748 985 744 980 744 980 748 985 746 981 738 974 749 984 740 975 740 975 749 984 747 983 743 978 739 976 742 979 743 978 738 974 739 976 741 977 732 968 733 970 741 977 742 979 732 968 734 969 737 972 735 971 733 970 734 969 735 971 727 964 728 963 736 973 737 972 727 964 736 973 729 965 730 967 726 962 726 962 730 967 728 963 720 956 731 966 722 957 722 957 731 966 729 965 725 960 721 958 724 961 725 960 720 956 721 958 723 959 714 950 715 952 723 959 724 961 714 950 716 951 717 953 718 955 715 952 716 951 718 955 696 932 697 934 719 954 717 953 696 932 719 954 767 1003 769 1003 768 1003 770 1004 772 1004 771 1004 773 1005 775 1005 774 1005 776 1006 778 1006 777 1006 779 1007 780 1007 771 1007 770 1008 781 1008 772 1008 771 1009 780 1009 770 1009 782 1010 780 1010 779 1010 775 1011 772 1011 781 1011 778 1012 773 1012 774 1012 774 1013 775 1013 781 1013 777 1014 767 1014 776 1014 778 1015 776 1015 773 1015 769 1016 783 1016 768 1016 777 1017 769 1017 767 1017 784 1018 785 1018 783 1018 768 1019 783 1019 785 1019 784 1020 787 1020 786 1020 786 1021 785 1021 784 1021 788 1022 787 1022 789 1022 787 1023 788 1023 786 1023 790 1024 788 1024 789 1024 790 1025 792 1025 791 1025 792 1026 790 1026 789 1026 793 1027 791 1027 794 1027 792 1028 794 1028 791 1028 795 1029 797 1029 796 1029 793 1030 794 1030 797 1030 798 1031 800 1031 799 1031 801 1032 803 1032 802 1032 800 1033 803 1033 801 1033 803 1034 800 1034 798 1034 796 1035 802 1035 795 1035 796 1036 801 1036 802 1036 795 1037 793 1037 797 1037 804 1038 806 1038 805 1038 807 1039 809 1039 808 1039 807 1040 810 1040 809 1040 811 1041 808 1041 812 1041 809 1042 812 1042 808 1042 813 1043 814 1043 811 1043 811 1044 812 1044 813 1044 814 1045 816 1045 815 1045 816 1046 814 1046 813 1046 817 1047 819 1047 818 1047 816 1048 820 1048 815 1048 821 1049 823 1049 822 1049 824 1050 826 1050 825 1050 827 1051 829 1051 828 1051 830 1052 832 1052 831 1052 833 1053 835 1053 834 1053 836 1054 838 1054 837 1054 839 1055 840 1055 836 1055 840 1056 839 1056 832 1056 836 1057 837 1057 839 1057 833 1058 830 1058 831 1058 830 1059 840 1059 832 1059 835 1060 833 1060 831 1060 827 1061 834 1061 829 1061 829 1062 834 1062 835 1062 822 1063 823 1063 828 1063 828 1064 823 1064 827 1064 824 1065 825 1065 821 1065 822 1066 824 1066 821 1066 826 1067 806 1067 804 1067 825 1068 826 1068 804 1068 805 1069 819 1069 817 1069 805 1070 806 1070 819 1070 815 1071 820 1071 818 1071 820 1072 817 1072 818 1072 841 1073 843 1074 842 1075 844 1076 846 1077 845 1078 847 1079 849 1080 848 1081 850 1082 852 1083 851 1084 853 1085 855 1086 854 1087 855 1086 846 1077 854 1087 856 1088 858 1089 857 1090 859 1091 844 1076 845 1078 845 1078 846 1077 855 1086 854 1087 847 1079 853 1085 859 1091 860 1092 844 1076 853 1085 847 1079 848 1081 860 1092 859 1091 861 1093 862 1094 849 1080 863 1095 849 1080 862 1094 848 1081 864 1096 865 1097 863 1095 862 1094 863 1095 865 1097 864 1096 867 1098 866 1099 866 1099 865 1097 864 1096 868 1100 867 1098 842 1075 867 1098 868 1100 866 1099 868 1100 842 1075 843 1074 869 1101 870 1102 856 1088 841 1073 857 1090 858 1089 871 1103 873 1104 872 1105 874 1106 876 1107 875 1108 877 1109 879 1110 878 1111 880 1112 882 1113 881 1114 883 1115 885 1116 884 1117 886 1118 888 1119 887 1120 889 1121 891 1122 890 1123 892 1124 894 1125 893 1126 895 1127 897 1128 896 1129 898 1130 900 1131 899 1132 851 1084 852 1083 901 1133 902 1134 904 1135 903 1136 905 1137 907 1138 906 1139 906 1139 850 1082 905 1137 908 1140 909 1141 907 1138 908 1140 907 1138 905 1137 910 1142 909 1141 911 1143 909 1141 910 1142 907 1138 912 1144 913 1145 911 1143 910 1142 911 1143 913 1145 914 1146 912 1144 915 1147 914 1146 913 1145 912 1144 916 1148 915 1147 917 1149 912 1144 917 1149 915 1147 918 1150 861 1093 916 1148 916 1148 917 1149 918 1150 860 1092 861 1093 918 1150 906 1139 852 1083 850 1082 851 1084 901 1133 902 1134 896 1129 903 1136 904 1135 904 1135 902 1134 901 1133 895 1127 900 1131 897 1128 896 1129 897 1128 903 1136 888 1119 878 1111 887 1120 883 1115 894 1125 885 1116 889 1121 898 1130 899 1132 899 1132 900 1131 895 1127 892 1124 893 1126 891 1122 893 1126 890 1123 891 1122 889 1121 890 1123 898 1130 883 1115 884 1117 886 1118 894 1125 892 1124 885 1116 888 1119 886 1118 884 1117 878 1111 879 1110 887 1120 869 1101 856 1088 857 1090 876 1107 874 1106 870 1102 879 1110 877 1109 882 1113 876 1107 870 1102 869 1101 871 1103 880 1112 881 1114 881 1114 882 1113 877 1109 874 1106 875 1108 873 1104 875 1108 872 1105 873 1104 871 1103 872 1105 880 1112 858 1089 843 1074 841 1073 919 1151 921 1152 920 1153 922 1154 924 1155 923 1156 925 1157 927 1158 926 1159 920 1153 928 1160 919 1151 926 1159 930 1161 929 1162 931 1163 933 1164 932 1165 934 1166 930 1161 927 1158 935 1167 936 1168 932 1165 933 1164 931 1163 937 1169 938 1170 940 1171 939 1172 941 1173 936 1168 935 1167 942 1174 944 1175 943 1176 945 1177 947 1178 946 1179 948 1180 950 1181 949 1182 951 1183 953 1184 952 1185 954 1186 956 1187 955 1188 957 1189 959 1190 958 1191 960 1192 962 1193 961 1194 963 1195 965 1196 964 1197 966 1198 968 1199 967 1200 969 1201 971 1202 970 1203 972 1204 974 1205 973 1206 975 1207 977 1208 976 1209 978 1210 980 1211 979 1212 978 1210 982 1213 981 1214 983 1215 985 1216 984 1217 979 1212 980 1211 983 1215 986 1218 988 1219 987 1220 984 1217 985 1216 987 1220 989 1221 988 1219 990 1222 986 1218 990 1222 988 1219 991 1223 993 1224 992 1225 993 1224 991 1223 989 1221 994 1226 995 1227 992 1225 995 1227 991 1223 992 1225 994 1226 997 1228 996 1229 998 1230 997 1228 999 1231 1000 1232 996 1229 998 1230 995 1227 994 1226 996 1229 1001 1233 1003 1234 1002 1235 1004 1236 1000 1232 1005 1237 934 1166 1006 1238 1003 1234 1001 1233 1002 1235 1007 1239 990 1222 993 1224 989 1221 983 1215 984 1217 979 1212 987 1220 985 1216 986 1218 978 1210 981 1214 980 1211 968 1199 966 1198 975 1207 974 1205 982 1213 973 1206 974 1205 981 1214 982 1213 961 1194 970 1203 960 1192 976 1209 977 1208 972 1204 972 1204 973 1206 976 1209 966 1198 977 1208 975 1207 971 1202 967 1200 968 1199 923 1156 940 1171 922 1154 969 1201 970 1203 961 1194 971 1202 969 1201 967 1200 964 1197 962 1193 963 1195 962 1193 960 1192 963 1195 965 1196 956 1187 964 1197 958 1191 954 1186 955 1188 956 1187 965 1196 955 1188 948 1180 959 1190 957 1189 959 1190 954 1186 958 1191 952 1185 943 1176 951 1183 948 1180 957 1189 950 1181 953 1184 951 1183 949 1182 950 1181 953 1184 949 1182 942 1174 945 1177 944 1175 952 1185 942 1174 943 1176 947 1178 939 1172 946 1179 946 1179 944 1175 945 1177 922 1154 940 1171 938 1170 939 1172 947 1178 938 1170 941 1173 923 1156 924 1155 932 1165 933 1164 935 1167 924 1155 936 1168 941 1173 921 1152 919 1151 937 1169 921 1152 937 1169 931 1163 1008 1240 1010 1241 1009 1242 934 1166 1003 1234 930 1161 1011 1243 1013 1244 1012 1245 928 1160 1013 1244 1014 1246 1013 1244 928 1160 920 1153 1011 1243 999 1231 1014 1246 1011 1243 1014 1246 1013 1244 1001 1233 1015 1247 1003 1234 1012 1245 1013 1244 1016 1248 921 1152 931 1163 1009 1242 1016 1248 920 1153 1017 1249 931 1163 932 1165 1008 1240 1017 1249 921 1152 1009 1242 932 1165 936 1168 1018 1250 1009 1242 931 1163 1008 1240 936 1168 924 1155 1019 1251 1008 1240 932 1165 1018 1250 924 1155 922 1154 1020 1252 1018 1250 936 1168 1019 1251 922 1154 938 1170 1021 1253 1019 1251 924 1155 1020 1252 938 1170 947 1178 1022 1254 1020 1252 922 1154 1021 1253 947 1178 945 1177 1023 1255 1021 1253 938 1170 1022 1254 945 1177 942 1174 1024 1256 1022 1254 947 1178 1023 1255 942 1174 952 1185 1025 1257 1023 1255 945 1177 1024 1256 952 1185 953 1184 1026 1258 1024 1256 942 1174 1025 1257 953 1184 950 1181 1027 1259 1025 1257 952 1185 1026 1258 950 1181 957 1189 1028 1260 1026 1258 953 1184 1027 1259 957 1189 958 1191 1029 1261 1027 1259 950 1181 1028 1260 958 1191 955 1188 1030 1262 1028 1260 957 1189 1029 1261 955 1188 965 1196 1031 1263 1029 1261 958 1191 1030 1262 965 1196 963 1195 1032 1264 1030 1262 955 1188 1031 1263 963 1195 960 1192 1033 1265 1031 1263 965 1196 1032 1264 960 1192 970 1203 1034 1266 1032 1264 963 1195 1033 1265 970 1203 971 1202 1035 1267 1033 1265 960 1192 1034 1266 971 1202 968 1199 1036 1268 1034 1266 970 1203 1035 1267 968 1199 975 1207 1037 1269 1035 1267 971 1202 1036 1268 975 1207 976 1209 1038 1270 1036 1268 968 1199 1037 1269 976 1209 973 1206 1039 1271 1037 1269 975 1207 1038 1270 973 1206 982 1213 1040 1272 1038 1270 976 1209 1039 1271 982 1213 978 1210 1041 1273 1039 1271 973 1206 1040 1272 978 1210 979 1212 1042 1274 1040 1272 982 1213 1041 1273 979 1212 984 1217 1043 1275 1041 1273 978 1210 1042 1274 984 1217 987 1220 1044 1276 1042 1274 979 1212 1043 1275 987 1220 988 1219 1045 1277 1043 1275 984 1217 1044 1276 988 1219 989 1221 1046 1278 1044 1276 987 1220 1045 1277 989 1221 991 1223 1047 1279 1045 1277 988 1219 1046 1278 991 1223 995 1227 1048 1280 1046 1278 989 1221 1047 1279 996 1229 1049 1281 995 1227 1047 1279 991 1223 1048 1280 996 1229 997 1228 998 1230 1049 1281 1048 1280 995 1227 996 1229 1000 1232 1049 1281 999 1231 1011 1243 998 1230 1011 1243 1050 1282 998 1230 1013 1244 920 1153 1016 1248 1012 1245 1016 1248 1001 1233 1051 1283 1008 1240 1018 1250 920 1153 921 1152 1017 1249 1015 1247 1017 1249 929 1162 1052 1284 1018 1250 1019 1251 929 1162 1009 1242 1010 1241 1053 1285 1019 1251 1020 1252 1010 1241 1008 1240 1051 1283 1054 1286 1020 1252 1021 1253 1051 1283 1018 1250 1052 1284 1055 1287 1021 1253 1022 1254 1052 1284 1019 1251 1053 1285 1056 1288 1022 1254 1023 1255 1053 1285 1020 1252 1054 1286 1057 1289 1023 1255 1024 1256 1054 1286 1021 1253 1055 1287 1058 1290 1024 1256 1025 1257 1055 1287 1022 1254 1056 1288 1059 1291 1025 1257 1026 1258 1056 1288 1023 1255 1057 1289 1060 1292 1026 1258 1027 1259 1057 1289 1024 1256 1058 1290 1061 1293 1027 1259 1028 1260 1058 1290 1025 1257 1059 1291 1062 1294 1028 1260 1029 1261 1059 1291 1026 1258 1060 1292 1063 1295 1029 1261 1030 1262 1060 1292 1027 1259 1061 1293 1064 1296 1030 1262 1031 1263 1061 1293 1028 1260 1062 1294 1065 1297 1031 1263 1032 1264 1062 1294 1029 1261 1063 1295 1066 1298 1032 1264 1033 1265 1063 1295 1030 1262 1064 1296 1067 1299 1033 1265 1034 1266 1064 1296 1031 1263 1065 1297 1068 1300 1034 1266 1035 1267 1065 1297 1032 1264 1066 1298 1069 1301 1035 1267 1036 1268 1066 1298 1033 1265 1067 1299 1070 1302 1036 1268 1037 1269 1067 1299 1034 1266 1068 1300 1071 1303 1037 1269 1038 1270 1068 1300 1035 1267 1069 1301 1072 1304 1038 1270 1039 1271 1069 1301 1036 1268 1070 1302 1073 1305 1039 1271 1040 1272 1070 1302 1037 1269 1071 1303 1074 1306 1040 1272 1041 1273 1071 1303 1038 1270 1072 1304 1075 1307 1041 1273 1042 1274 1072 1304 1039 1271 1073 1305 1076 1308 1042 1274 1043 1275 1073 1305 1040 1272 1074 1306 1077 1309 1043 1275 1044 1276 1074 1306 1041 1273 1075 1307 1078 1310 1044 1276 1045 1277 1075 1307 1042 1274 1076 1308 1079 1311 1045 1277 1046 1278 1076 1308 1043 1275 1077 1309 1080 1312 1046 1278 1047 1279 1077 1309 1044 1276 1078 1310 1081 1313 1047 1279 1048 1280 1078 1310 1045 1277 1079 1311 1082 1314 1048 1280 1049 1281 1079 1311 1046 1278 1080 1312 1004 1236 1049 1281 1000 1232 1080 1312 1047 1279 1081 1313 1005 1237 1000 1232 1050 1282 1081 1313 1048 1280 1082 1314 1083 1315 1005 1237 1007 1239 1082 1314 1049 1281 1004 1236 1050 1282 1012 1245 1007 1239 1011 1243 1012 1245 1050 1282 998 1230 1050 1282 1000 1232 1017 1249 1015 1247 1016 1248 1001 1233 1016 1248 1015 1247 926 1159 1010 1241 1084 1316 1017 1249 1009 1242 929 1162 926 1159 929 1162 1010 1241 1084 1316 1051 1283 1085 1317 1084 1316 1010 1241 1051 1283 1085 1317 1052 1284 1086 1318 1085 1317 1051 1283 1052 1284 1086 1318 1053 1285 1087 1319 1086 1318 1052 1284 1053 1285 1087 1319 1054 1286 1088 1320 1087 1319 1053 1285 1054 1286 1088 1320 1055 1287 1089 1321 1088 1320 1054 1286 1055 1287 1089 1321 1056 1288 1090 1322 1089 1321 1055 1287 1056 1288 1090 1322 1057 1289 1091 1323 1090 1322 1056 1288 1057 1289 1091 1323 1058 1290 1092 1324 1091 1323 1057 1289 1058 1290 1092 1324 1059 1291 1093 1325 1092 1324 1058 1290 1059 1291 1093 1325 1060 1292 1094 1326 1093 1325 1059 1291 1060 1292 1094 1326 1061 1293 1095 1327 1094 1326 1060 1292 1061 1293 1095 1327 1062 1294 1096 1328 1095 1327 1061 1293 1062 1294 1096 1328 1063 1295 1097 1329 1096 1328 1062 1294 1063 1295 1097 1329 1064 1296 1098 1330 1097 1329 1063 1295 1064 1296 1098 1330 1065 1297 1099 1331 1098 1330 1064 1296 1065 1297 1099 1331 1066 1298 1100 1332 1099 1331 1065 1297 1066 1298 1100 1332 1067 1299 1101 1333 1100 1332 1066 1298 1067 1299 1101 1333 1068 1300 1102 1334 1101 1333 1067 1299 1068 1300 1102 1334 1069 1301 1103 1335 1102 1334 1068 1300 1069 1301 1103 1335 1070 1302 1104 1336 1103 1335 1069 1301 1070 1302 1104 1336 1071 1303 1105 1337 1104 1336 1070 1302 1071 1303 1105 1337 1072 1304 1106 1338 1105 1337 1071 1303 1072 1304 1106 1338 1073 1305 1107 1339 1106 1338 1072 1304 1073 1305 1107 1339 1074 1306 1108 1340 1107 1339 1073 1305 1074 1306 1108 1340 1075 1307 1109 1341 1108 1340 1074 1306 1075 1307 1109 1341 1076 1308 1110 1342 1109 1341 1075 1307 1076 1308 1110 1342 1077 1309 1111 1343 1110 1342 1076 1308 1077 1309 1111 1343 1078 1310 1112 1344 1111 1343 1077 1309 1078 1310 1112 1344 1079 1311 1113 1345 1112 1344 1078 1310 1079 1311 1113 1345 1080 1312 1114 1346 1113 1345 1079 1311 1080 1312 1114 1346 1081 1313 1115 1347 1114 1346 1080 1312 1081 1313 1115 1347 1082 1314 1116 1348 1115 1347 1081 1313 1082 1314 1116 1348 1004 1236 1117 1349 1116 1348 1082 1314 1004 1236 1117 1349 1005 1237 1083 1315 1117 1349 1004 1236 1005 1237 1002 1235 1083 1315 1007 1239 1012 1245 1001 1233 1007 1239 1050 1282 1007 1239 1005 1237 1015 1247 930 1161 1003 1234 929 1162 930 1161 1015 1247 1084 1316 1118 1350 925 1157 927 1158 930 1161 926 1159 1085 1317 1119 1351 1118 1350 925 1157 926 1159 1084 1316 1086 1318 1120 1352 1119 1351 1118 1350 1084 1316 1085 1317 1087 1319 1121 1353 1120 1352 1119 1351 1085 1317 1086 1318 1088 1320 1122 1354 1121 1353 1120 1352 1086 1318 1087 1319 1089 1321 1123 1355 1122 1354 1121 1353 1087 1319 1088 1320 1090 1322 1124 1356 1123 1355 1122 1354 1088 1320 1089 1321 1091 1323 1125 1357 1124 1356 1123 1355 1089 1321 1090 1322 1092 1324 1126 1358 1125 1357 1124 1356 1090 1322 1091 1323 1093 1325 1127 1359 1126 1358 1125 1357 1091 1323 1092 1324 1094 1326 1128 1360 1127 1359 1126 1358 1092 1324 1093 1325 1095 1327 1129 1361 1128 1360 1127 1359 1093 1325 1094 1326 1096 1328 1130 1362 1129 1361 1128 1360 1094 1326 1095 1327 1097 1329 1131 1363 1130 1362 1129 1361 1095 1327 1096 1328 1098 1330 1132 1364 1131 1363 1130 1362 1096 1328 1097 1329 1099 1331 1133 1365 1132 1364 1131 1363 1097 1329 1098 1330 1100 1332 1134 1366 1133 1365 1132 1364 1098 1330 1099 1331 1101 1333 1135 1367 1134 1366 1133 1365 1099 1331 1100 1332 1102 1334 1136 1368 1135 1367 1134 1366 1100 1332 1101 1333 1103 1335 1137 1369 1136 1368 1135 1367 1101 1333 1102 1334 1104 1336 1138 1370 1137 1369 1136 1368 1102 1334 1103 1335 1105 1337 1139 1371 1138 1370 1137 1369 1103 1335 1104 1336 1106 1338 1140 1372 1139 1371 1138 1370 1104 1336 1105 1337 1107 1339 1141 1373 1140 1372 1139 1371 1105 1337 1106 1338 1108 1340 1142 1374 1141 1373 1140 1372 1106 1338 1107 1339 1109 1341 1143 1375 1142 1374 1141 1373 1107 1339 1108 1340 1110 1342 1144 1376 1143 1375 1142 1374 1108 1340 1109 1341 1111 1343 1145 1377 1144 1376 1143 1375 1109 1341 1110 1342 1112 1344 1146 1378 1145 1377 1144 1376 1110 1342 1111 1343 1113 1345 1147 1379 1146 1378 1145 1377 1111 1343 1112 1344 1114 1346 1148 1380 1147 1379 1146 1378 1112 1344 1113 1345 1115 1347 1149 1381 1148 1380 1147 1379 1113 1345 1114 1346 1116 1348 1150 1382 1149 1381 1148 1380 1114 1346 1115 1347 1117 1349 1151 1383 1150 1382 1149 1381 1115 1347 1116 1348 1083 1315 1152 1384 1151 1383 1150 1382 1116 1348 1117 1349 1002 1235 1006 1238 1152 1384 1151 1383 1117 1349 1083 1315 1006 1238 1002 1235 1003 1234 1152 1384 1083 1315 1002 1235 1153 1385 1155 1385 1154 1385 1156 1386 1158 1386 1157 1386 1156 1387 1159 1387 1158 1387 1160 1388 1157 1388 1161 1388 1158 1389 1161 1389 1157 1389 1162 1390 1163 1390 1160 1390 1160 1391 1161 1391 1162 1391 1163 1392 1165 1392 1164 1392 1165 1393 1163 1393 1162 1393 1166 1394 1168 1394 1167 1394 1165 1395 1169 1395 1164 1395 1170 1396 1172 1396 1171 1396 1173 1397 1175 1397 1174 1397 1176 1398 1178 1398 1177 1398 1179 1399 1181 1399 1180 1399 1182 1400 1184 1400 1183 1400 1185 1401 1187 1401 1186 1401 1188 1402 1189 1402 1185 1402 1189 1403 1188 1403 1181 1403 1185 1404 1186 1404 1188 1404 1182 1405 1179 1405 1180 1405 1179 1406 1189 1406 1181 1406 1184 1407 1182 1407 1180 1407 1176 1408 1183 1408 1178 1408 1178 1409 1183 1409 1184 1409 1171 1410 1172 1410 1177 1410 1177 1411 1172 1411 1176 1411 1173 1412 1174 1412 1170 1412 1171 1413 1173 1413 1170 1413 1175 1414 1155 1414 1153 1414 1174 1415 1175 1415 1153 1415 1154 1416 1168 1416 1166 1416 1154 1417 1155 1417 1168 1417 1164 1418 1169 1418 1167 1418 1169 1419 1166 1419 1167 1419 1190 1420 1192 1421 1191 1422 1193 1423 1191 1422 1194 1424 1192 1421 1194 1424 1191 1422 1195 1425 1196 1426 1193 1423 1193 1423 1194 1424 1195 1425 1196 1426 1198 1427 1197 1428 1198 1427 1196 1426 1195 1425 1199 1429 1197 1428 1200 1430 1198 1427 1200 1430 1197 1428 1201 1431 1202 1432 1199 1429 1199 1429 1200 1430 1201 1431 1202 1432 1204 1433 1203 1434 1204 1433 1202 1432 1201 1431 1205 1435 1203 1434 1206 1436 1204 1433 1206 1436 1203 1434 1207 1437 1208 1438 1205 1435 1205 1435 1206 1436 1207 1437 1208 1438 1210 1439 1209 1440 1210 1439 1208 1438 1207 1437 1211 1441 1209 1440 1212 1442 1210 1439 1212 1442 1209 1440 1213 1443 1214 1444 1211 1441 1211 1441 1212 1442 1213 1443 1214 1444 1216 1445 1215 1446 1216 1445 1214 1444 1213 1443 1217 1447 1215 1446 1218 1448 1216 1445 1218 1448 1215 1446 1219 1449 1220 1450 1217 1447 1217 1447 1218 1448 1219 1449 1220 1450 1222 1451 1221 1452 1222 1451 1220 1450 1219 1449 1223 1453 1221 1452 1224 1454 1222 1451 1224 1454 1221 1452 1225 1455 1226 1456 1223 1453 1223 1453 1224 1454 1225 1455 1227 1457 1226 1456 1225 1455 1227 1457 1228 1458 1226 1456 1192 1421 1190 1420 1229 1459 1230 1460 1231 1461 1229 1459 1229 1459 1190 1420 1230 1460 1231 1461 1233 1462 1232 1463 1233 1462 1231 1461 1230 1460 1234 1464 1232 1463 1235 1465 1233 1462 1235 1465 1232 1463 1236 1466 1237 1467 1234 1464 1234 1464 1235 1465 1236 1466 1237 1467 1239 1468 1238 1469 1239 1468 1237 1467 1236 1466 1240 1470 1238 1469 1241 1471 1239 1468 1241 1471 1238 1469 1242 1472 1243 1473 1240 1470 1240 1470 1241 1471 1242 1472 1243 1473 1245 1474 1244 1475 1245 1474 1243 1473 1242 1472 1246 1476 1244 1475 1247 1477 1245 1474 1247 1477 1244 1475 1248 1478 1249 1479 1246 1476 1246 1476 1247 1477 1248 1478 1249 1479 1251 1480 1250 1481 1251 1480 1249 1479 1248 1478 1252 1482 1250 1481 1253 1483 1251 1480 1253 1483 1250 1481 1254 1484 1255 1485 1252 1482 1252 1482 1253 1483 1254 1484 1255 1485 1257 1486 1256 1487 1257 1486 1255 1485 1254 1484 1258 1488 1256 1487 1259 1489 1257 1486 1259 1489 1256 1487 1260 1490 1261 1491 1258 1488 1258 1488 1259 1489 1260 1490 1261 1491 1263 1492 1262 1493 1263 1492 1261 1491 1260 1490 1263 1492 1228 1458 1262 1493 1262 1493 1228 1458 1227 1457 1264 1494 1266 1495 1265 1496 1267 1497 1269 1498 1268 1499 1270 1500 1272 1501 1271 1502 1273 1503 1275 1504 1274 1505 1276 1506 1278 1507 1277 1508 1279 1509 1281 1510 1280 1511 1282 1512 1284 1513 1283 1514 1285 1515 1287 1516 1286 1517 1288 1518 1290 1519 1289 1520 1291 1521 1293 1522 1292 1523 1294 1524 1296 1525 1295 1526 1297 1527 1299 1528 1298 1529 1300 1530 1302 1531 1301 1532 1303 1533 1305 1534 1304 1535 1306 1536 1308 1537 1307 1538 1309 1539 1311 1540 1310 1541 1312 1542 1314 1543 1313 1544 1315 1545 1317 1546 1316 1547 1318 1548 1320 1549 1319 1550 1321 1551 1323 1552 1322 1553 1322 1553 1316 1547 1321 1551 1324 1554 1325 1555 1323 1552 1322 1553 1323 1552 1325 1555 1326 1556 1324 1554 1327 1557 1324 1554 1326 1556 1325 1555 1327 1557 1329 1558 1328 1559 1328 1559 1326 1556 1327 1557 1330 1560 1331 1561 1329 1558 1328 1559 1329 1558 1331 1561 1332 1562 1330 1560 1333 1563 1330 1560 1332 1562 1331 1561 1333 1563 1335 1564 1334 1565 1334 1565 1332 1562 1333 1563 1336 1566 1337 1567 1335 1564 1334 1565 1335 1564 1337 1567 1266 1495 1336 1566 1265 1496 1336 1566 1266 1495 1337 1567 1317 1546 1315 1545 1319 1550 1316 1547 1317 1546 1321 1551 1311 1540 1320 1549 1318 1548 1318 1548 1319 1550 1315 1545 1314 1543 1309 1539 1310 1541 1309 1539 1320 1549 1311 1540 1312 1542 1313 1544 1303 1533 1314 1543 1310 1541 1313 1544 1304 1535 1305 1534 1306 1536 1312 1542 1303 1533 1304 1535 1308 1537 1298 1529 1307 1538 1305 1534 1308 1537 1306 1536 1297 1527 1301 1532 1299 1528 1298 1529 1299 1528 1307 1538 1293 1522 1302 1531 1300 1530 1300 1530 1301 1532 1297 1527 1296 1525 1291 1521 1292 1523 1291 1521 1302 1531 1293 1522 1294 1524 1295 1526 1285 1515 1296 1525 1292 1523 1295 1526 1286 1517 1287 1516 1288 1518 1294 1524 1285 1515 1286 1517 1290 1519 1280 1511 1289 1520 1287 1516 1290 1519 1288 1518 1279 1509 1283 1514 1281 1510 1280 1511 1281 1510 1289 1520 1275 1504 1284 1513 1282 1512 1282 1512 1283 1514 1279 1509 1278 1507 1273 1503 1274 1505 1273 1503 1284 1513 1275 1504 1276 1506 1277 1508 1267 1497 1278 1507 1274 1505 1277 1508 1268 1499 1269 1498 1271 1502 1276 1506 1267 1497 1268 1499 1270 1500 1264 1494 1272 1501 1269 1498 1270 1500 1271 1502 1265 1496 1272 1501 1264 1494 1338 1568 1340 1569 1339 1570 1341 1571 1343 1572 1342 1573 1344 1574 1338 1568 1345 1575 1338 1568 1344 1574 1340 1569 1345 1575 1347 1576 1346 1577 1346 1577 1344 1574 1345 1575 1348 1578 1349 1579 1347 1576 1346 1577 1347 1576 1349 1579 1350 1580 1348 1578 1351 1581 1348 1578 1350 1580 1349 1579 1340 1569 1352 1582 1339 1570 1353 1583 1354 1584 1352 1582 1339 1570 1352 1582 1354 1584 1355 1585 1353 1583 1356 1586 1353 1583 1355 1585 1354 1584 1356 1586 1358 1587 1357 1588 1357 1588 1355 1585 1356 1586 1342 1573 1343 1572 1358 1587 1357 1588 1358 1587 1343 1572 1359 1589 1361 1590 1360 1591 1362 1592 1364 1593 1363 1594 1365 1595 1367 1596 1366 1597 1368 1598 1370 1599 1369 1600 1371 1601 1373 1602 1372 1603 1374 1604 1376 1605 1375 1606 1377 1607 1379 1608 1378 1609 1380 1610 1382 1611 1381 1612 1383 1613 1385 1614 1384 1615 1386 1616 1388 1617 1387 1618 1389 1619 1391 1620 1390 1621 1392 1622 1394 1623 1393 1624 1395 1625 1397 1626 1396 1627 1398 1628 1400 1629 1399 1630 1395 1625 1402 1631 1401 1632 1402 1631 1395 1625 1396 1627 1403 1633 1404 1634 1401 1632 1401 1632 1402 1631 1403 1633 1405 1635 1404 1634 1406 1636 1403 1633 1406 1636 1404 1634 1405 1635 1408 1637 1407 1638 1408 1637 1405 1635 1406 1636 1409 1639 1410 1640 1407 1638 1407 1638 1408 1637 1409 1639 1351 1581 1410 1640 1411 1641 1409 1639 1411 1641 1410 1640 1350 1580 1351 1581 1411 1641 1400 1629 1398 1628 1397 1626 1396 1627 1397 1626 1398 1628 1390 1621 1391 1620 1399 1630 1400 1629 1390 1621 1399 1630 1392 1622 1393 1624 1389 1619 1389 1619 1393 1624 1391 1620 1383 1613 1394 1623 1385 1614 1385 1614 1394 1623 1392 1622 1388 1617 1384 1615 1387 1618 1388 1617 1383 1613 1384 1615 1386 1616 1377 1607 1378 1609 1386 1616 1387 1618 1377 1607 1379 1608 1382 1611 1380 1610 1378 1609 1379 1608 1380 1610 1372 1603 1373 1602 1381 1612 1382 1611 1372 1603 1381 1612 1374 1604 1375 1606 1371 1601 1371 1601 1375 1606 1373 1602 1365 1595 1376 1605 1367 1596 1367 1596 1376 1605 1374 1604 1370 1599 1366 1597 1369 1600 1370 1599 1365 1595 1366 1597 1368 1598 1359 1589 1360 1591 1368 1598 1369 1600 1359 1589 1361 1590 1362 1592 1363 1594 1360 1591 1361 1590 1363 1594 1341 1571 1342 1573 1364 1593 1362 1592 1341 1571 1364 1593 1412 1642 1414 1643 1413 1644 1415 1645 1417 1645 1416 1645 1418 1646 1419 1646 1413 1646 1420 1647 1412 1648 1413 1649 1421 1650 1423 1651 1422 1652 1424 1653 1422 1654 1423 1655 1425 1656 1424 1656 1423 1656 1425 1657 1426 1658 1418 1659 1418 1660 1424 1660 1425 1660 1427 1661 1429 1661 1428 1661 1419 1662 1426 1662 1430 1662 1431 1663 1429 1663 1432 1663 1433 1664 1431 1665 1432 1666 1434 1667 1416 1668 1428 1669 1435 1670 1436 1671 1427 1672 1437 1673 1439 1673 1438 1673 1440 1674 1415 1674 1441 1674 1438 1675 1415 1676 1434 1677 1434 1678 1437 1679 1438 1680 1441 1681 1415 1682 1442 1683 1443 1684 1445 1685 1444 1686 1442 1687 1443 1688 1441 1689 1443 1690 1442 1690 1445 1690 1445 1691 1446 1691 1444 1691 1447 1692 1449 1693 1448 1694 1440 1695 1449 1695 1417 1695 1440 1696 1417 1696 1415 1696 1448 1697 1449 1697 1440 1697 1415 1698 1416 1698 1434 1698 1427 1699 1428 1699 1450 1699 1416 1700 1450 1700 1428 1700 1450 1701 1435 1702 1427 1703 1430 1704 1432 1704 1429 1704 1427 1705 1430 1705 1429 1705 1419 1706 1418 1706 1426 1706 1430 1707 1426 1708 1432 1709 1419 1710 1420 1711 1413 1712 1451 1713 1453 1714 1452 1715 1454 1716 1456 1717 1455 1718 1457 1719 1459 1720 1458 1721 1460 1722 1462 1723 1461 1724 1463 1725 1465 1726 1464 1727 1466 1728 1468 1729 1467 1730 1469 1731 1471 1732 1470 1733 1472 1734 1474 1735 1473 1736 1475 1737 1477 1738 1476 1739 1478 1740 1480 1741 1479 1742 1481 1743 1483 1744 1482 1745 1484 1746 1486 1747 1485 1748 1487 1749 1489 1750 1488 1751 1490 1752 1492 1753 1491 1754 1493 1755 1495 1756 1494 1757 1496 1758 1498 1759 1497 1760 1498 1759 1496 1758 1490 1752 1497 1760 1500 1761 1499 1762 1499 1762 1496 1758 1497 1760 1501 1763 1502 1764 1500 1761 1499 1762 1500 1761 1502 1764 1503 1765 1501 1763 1504 1766 1501 1763 1503 1765 1502 1764 1504 1766 1506 1767 1505 1768 1505 1768 1503 1765 1504 1766 1507 1769 1508 1770 1506 1767 1505 1768 1506 1767 1508 1770 1509 1771 1507 1769 1510 1772 1507 1769 1509 1771 1508 1770 1490 1752 1491 1754 1498 1759 1491 1754 1492 1753 1493 1755 1478 1740 1489 1750 1480 1741 1495 1756 1485 1748 1494 1757 1492 1753 1495 1756 1493 1755 1484 1746 1488 1751 1486 1747 1485 1748 1486 1747 1494 1757 1487 1749 1480 1741 1489 1750 1487 1749 1488 1751 1484 1746 1483 1744 1479 1742 1482 1745 1478 1740 1479 1742 1483 1744 1472 1734 1481 1743 1482 1745 1473 1736 1474 1735 1475 1737 1481 1743 1472 1734 1473 1736 1470 1733 1466 1728 1469 1731 1477 1738 1467 1730 1476 1739 1474 1735 1477 1738 1475 1737 1468 1729 1466 1728 1470 1733 1467 1730 1468 1729 1476 1739 1460 1722 1471 1732 1462 1723 1471 1732 1469 1731 1462 1723 1461 1724 1464 1727 1465 1726 1460 1722 1461 1724 1465 1726 1463 1725 1464 1727 1454 1716 1455 1718 1456 1717 1458 1721 1463 1725 1454 1716 1455 1718 1457 1719 1451 1713 1459 1720 1456 1717 1457 1719 1458 1721 1452 1715 1459 1720 1451 1713 1511 1773 1513 1774 1512 1775 1514 1776 1516 1777 1515 1778 1517 1779 1519 1780 1518 1781 1518 1781 1521 1782 1520 1783 1522 1784 1524 1785 1523 1786 1525 1787 1527 1788 1526 1789 1528 1790 1529 1791 1523 1786 1523 1786 1524 1785 1528 1790 1530 1792 1531 1793 1528 1790 1529 1791 1528 1790 1531 1793 1522 1784 1526 1789 1524 1785 1527 1788 1525 1787 1519 1780 1526 1789 1522 1784 1525 1787 1511 1773 1512 1775 1521 1782 1517 1779 1518 1781 1520 1783 1527 1788 1519 1780 1517 1779 1512 1775 1520 1783 1521 1782 1515 1778 1516 1777 1513 1774 1515 1778 1513 1774 1511 1773 1516 1777 1514 1776 1532 1794 1533 1795 1535 1795 1534 1795 1536 1796 1538 1797 1537 1798 1539 1799 1541 1800 1540 1801 1542 1802 1544 1803 1543 1804 1545 1805 1546 1806 1537 1807 1536 1808 1547 1808 1538 1808 1537 1809 1546 1810 1536 1811 1548 1812 1546 1813 1545 1814 1541 1815 1538 1815 1547 1815 1544 1816 1539 1816 1540 1816 1540 1817 1541 1818 1547 1819 1543 1820 1533 1821 1542 1822 1544 1823 1542 1824 1539 1825 1535 1826 1549 1827 1534 1828 1543 1829 1535 1829 1533 1829 1550 1830 1551 1830 1549 1830 1534 1831 1549 1831 1551 1831 1550 1832 1553 1832 1552 1832 1552 1833 1551 1833 1550 1833 1554 1834 1553 1835 1555 1836 1553 1837 1554 1837 1552 1837 1556 1838 1554 1839 1555 1840 1556 1841 1558 1841 1557 1841 1558 1842 1556 1842 1555 1842 1559 1843 1557 1844 1560 1845 1558 1846 1560 1846 1557 1846 1561 1847 1563 1848 1562 1849 1559 1850 1560 1851 1563 1852 1564 1853 1566 1854 1565 1855 1567 1856 1569 1857 1568 1858 1566 1859 1569 1860 1567 1861 1569 1862 1566 1863 1564 1864 1562 1865 1568 1866 1561 1867 1562 1868 1567 1869 1568 1870 1561 1871 1559 1872 1563 1873 1570 1874 1572 1874 1571 1874 1573 1875 1575 1876 1574 1877 1573 1878 1576 1879 1575 1880 1577 1881 1574 1882 1578 1883 1575 1884 1578 1885 1574 1886 1579 1887 1580 1887 1577 1887 1577 1888 1578 1889 1579 1890 1580 1891 1582 1892 1581 1893 1582 1894 1580 1895 1579 1896 1583 1897 1585 1897 1584 1897 1582 1898 1586 1898 1581 1898 1587 1899 1589 1899 1588 1899 1590 1900 1592 1901 1591 1902 1593 1903 1595 1903 1594 1903 1596 1904 1598 1905 1597 1906 1599 1907 1601 1907 1600 1907 1602 1908 1604 1909 1603 1910 1605 1911 1606 1911 1602 1911 1606 1912 1605 1912 1598 1912 1602 1913 1603 1914 1605 1915 1599 1916 1596 1916 1597 1916 1596 1917 1606 1917 1598 1917 1601 1918 1599 1918 1597 1918 1593 1919 1600 1919 1595 1919 1595 1920 1600 1920 1601 1920 1588 1921 1589 1922 1594 1923 1594 1924 1589 1925 1593 1926 1590 1927 1591 1928 1587 1929 1588 1930 1590 1930 1587 1930 1592 1931 1572 1931 1570 1931 1591 1932 1592 1932 1570 1932 1571 1933 1585 1933 1583 1933 1571 1934 1572 1934 1585 1934 1581 1935 1586 1936 1584 1937 1586 1938 1583 1938 1584 1938 1607 1939 1609 1940 1608 1941 1610 1942 1612 1943 1611 1944 1613 1945 1607 1939 1614 1946 1607 1939 1613 1945 1609 1940 1614 1946 1616 1947 1615 1948 1615 1948 1613 1945 1614 1946 1617 1949 1618 1950 1616 1947 1615 1948 1616 1947 1618 1950 1619 1951 1617 1949 1620 1952 1617 1949 1619 1951 1618 1950 1609 1940 1621 1953 1608 1941 1622 1954 1623 1955 1621 1953 1608 1941 1621 1953 1623 1955 1624 1956 1622 1954 1625 1957 1622 1954 1624 1956 1623 1955 1625 1957 1627 1958 1626 1959 1626 1959 1624 1956 1625 1957 1611 1944 1612 1943 1627 1958 1626 1959 1627 1958 1612 1943 1628 1960 1630 1961 1629 1962 1631 1963 1633 1964 1632 1965 1634 1966 1636 1967 1635 1968 1637 1969 1639 1970 1638 1971 1640 1972 1642 1973 1641 1974 1643 1975 1645 1976 1644 1977 1646 1978 1648 1979 1647 1980 1649 1981 1651 1982 1650 1983 1652 1984 1654 1985 1653 1986 1655 1987 1657 1988 1656 1989 1658 1990 1660 1991 1659 1992 1661 1993 1663 1994 1662 1995 1664 1996 1666 1997 1665 1998 1667 1999 1669 2000 1668 2001 1669 2000 1667 1999 1670 2002 1668 2001 1672 2003 1671 2004 1671 2004 1667 1999 1668 2001 1673 2005 1674 2006 1672 2003 1671 2004 1672 2003 1674 2006 1675 2007 1673 2005 1676 2008 1673 2005 1675 2007 1674 2006 1676 2008 1678 2009 1677 2010 1677 2010 1675 2007 1676 2008 1679 2011 1680 2012 1678 2009 1677 2010 1678 2009 1680 2012 1620 1952 1679 2011 1619 1951 1679 2011 1620 1952 1680 2012 1661 1993 1662 1995 1670 2002 1669 2000 1670 2002 1662 1995 1664 1996 1665 1998 1663 1994 1661 1993 1664 1996 1663 1994 1656 1989 1657 1988 1666 1997 1666 1997 1657 1988 1665 1998 1660 1991 1655 1987 1659 1992 1659 1992 1655 1987 1656 1989 1649 1981 1658 1990 1651 1982 1649 1981 1660 1991 1658 1990 1650 1983 1654 1985 1652 1984 1650 1983 1651 1982 1654 1985 1653 1986 1643 1975 1644 1977 1652 1984 1653 1986 1644 1977 1646 1978 1647 1980 1645 1976 1643 1975 1646 1978 1645 1976 1638 1971 1639 1970 1648 1979 1648 1979 1639 1970 1647 1980 1642 1973 1637 1969 1641 1974 1641 1974 1637 1969 1638 1971 1631 1963 1640 1972 1633 1964 1631 1963 1642 1973 1640 1972 1632 1965 1636 1967 1634 1966 1632 1965 1633 1964 1636 1967 1635 1968 1628 1960 1629 1962 1634 1966 1635 1968 1629 1962 1610 1942 1611 1944 1630 1961 1628 1960 1610 1942 1630 1961 1681 2013 1683 2014 1682 2015 1684 2016 1686 2017 1685 2018 1687 2019 1689 2020 1688 2021 1684 2016 1691 2022 1690 2023 1685 2018 1686 2017 1692 2024 1693 2025 1695 2026 1694 2027 1696 2028 1698 2029 1697 2030 1699 2031 1701 2032 1700 2033 1702 2034 1704 2035 1703 2036 1705 2037 1707 2038 1706 2039 1703 2036 1708 2040 1707 2038 1703 2036 1704 2035 1709 2041 1702 2034 1710 2042 1704 2035 1681 2013 1712 2043 1711 2044 1713 2045 1683 2014 1714 2046 1715 2047 1717 2048 1716 2049 1718 2050 1717 2048 1719 2051 1719 2051 1721 2052 1720 2053 1722 2054 1724 2055 1723 2056 1721 2052 1726 2057 1725 2058 1722 2054 1728 2059 1727 2060 1729 2061 1731 2062 1730 2063 1723 2056 1732 2064 1728 2059 1733 2065 1734 2066 1732 2064 1728 2059 1734 2066 1735 2067 1733 2065 1737 2068 1736 2069 1738 2070 1734 2066 1736 2069 1739 2071 1737 2068 1740 2072 1739 2071 1741 2073 1736 2069 1742 2074 1743 2075 1740 2072 1739 2071 1743 2075 1744 2076 1742 2074 1687 2019 1745 2077 1743 2075 1745 2077 1746 2078 1747 2079 1748 2080 1688 2021 1749 2081 1751 2082 1750 2083 1752 2084 1754 2085 1753 2086 1755 2087 1757 2088 1756 2089 1758 2090 1760 2091 1759 2092 1761 2093 1762 2094 1693 2025 1763 2095 1765 2096 1764 2097 1766 2098 1768 2099 1767 2100 1769 2101 1770 2102 1695 2026 1771 2103 1773 2104 1772 2105 1774 2106 1776 2107 1775 2108 1777 2109 1779 2110 1778 2111 1780 2112 1782 2113 1781 2114 1783 2115 1691 2022 1722 2054 1710 2042 1785 2116 1784 2117 1786 2118 1787 2119 1709 2041 1704 2035 1784 2117 1788 2120 1789 2121 1791 2122 1790 2123 1786 2118 1791 2122 1787 2119 1792 2124 1794 2125 1793 2126 1795 2127 1793 2126 1794 2125 1792 2124 1797 2128 1796 2129 1796 2129 1794 2125 1792 2124 1798 2130 1800 2131 1799 2132 1797 2128 1800 2131 1798 2130 1731 2062 1799 2132 1801 2133 1790 2123 1795 2127 1789 2121 1704 2035 1788 2120 1709 2041 1709 2041 1788 2120 1786 2118 1802 2134 1785 2116 1803 2135 1784 2117 1704 2035 1710 2042 1791 2122 1804 2136 1790 2123 1787 2119 1791 2122 1789 2121 1778 2111 1805 2137 1804 2136 1791 2122 1786 2118 1778 2111 1781 2114 1805 2137 1779 2110 1806 2138 1771 2103 1780 2112 1807 2139 1780 2112 1779 2110 1782 2113 1771 2103 1808 2140 1751 2082 1760 2091 1809 2141 1776 2107 1772 2105 1810 2142 1808 2140 1772 2105 1774 2106 1776 2107 1811 2143 1768 2099 1770 2102 1812 2144 1766 2098 1812 2144 1775 2108 1768 2099 1695 2026 1766 2098 1813 2145 1762 2094 1764 2097 1814 2146 1693 2025 1814 2146 1769 2101 1815 2147 1755 2087 1763 2095 1816 2148 1763 2095 1762 2094 1756 2089 1758 2090 1817 2149 1818 2150 1760 2091 1756 2089 1765 2096 1755 2087 1817 2149 1819 2151 1749 2081 1754 2085 1759 2092 1751 2082 1819 2151 1753 2086 1820 2152 1747 2079 1749 2081 1821 2153 1753 2086 1689 2020 1752 2084 1747 2079 1745 2077 1688 2021 1822 2154 1823 2155 1803 2135 1824 2156 1697 2030 1825 2157 1705 2037 1785 2116 1802 2134 1784 2117 1823 2155 1802 2134 1803 2135 1788 2120 1784 2117 1826 2158 1793 2126 1828 2159 1827 2160 1788 2120 1826 2158 1777 2109 1777 2109 1778 2111 1786 2118 1829 2161 1792 2124 1827 2160 1790 2123 1793 2126 1795 2127 1791 2122 1778 2111 1804 2136 1800 2131 1797 2128 1830 2162 1793 2126 1790 2123 1828 2159 1792 2124 1793 2126 1827 2160 1800 2131 1801 2133 1799 2132 1796 2129 1797 2128 1798 2130 1797 2128 1829 2161 1830 2162 1831 2163 1801 2133 1800 2131 1802 2134 1826 2158 1784 2117 1832 2164 1824 2156 1833 2165 1832 2164 1823 2155 1824 2156 1777 2109 1786 2118 1788 2120 1826 2158 1802 2134 1834 2166 1828 2159 1836 2167 1835 2168 1826 2158 1834 2166 1807 2139 1807 2139 1779 2110 1777 2109 1837 2169 1827 2160 1835 2168 1804 2136 1828 2159 1790 2123 1778 2111 1779 2110 1805 2137 1830 2162 1829 2161 1838 2170 1828 2159 1804 2136 1836 2167 1827 2160 1828 2159 1835 2168 1830 2162 1831 2163 1800 2131 1792 2124 1829 2161 1797 2128 1829 2161 1837 2169 1838 2170 1839 2171 1831 2163 1830 2162 1823 2155 1834 2166 1802 2134 1840 2172 1833 2165 1841 2173 1840 2172 1832 2164 1833 2165 1807 2139 1777 2109 1826 2158 1834 2166 1823 2155 1842 2174 1836 2167 1844 2175 1843 2176 1834 2166 1842 2174 1806 2138 1806 2138 1780 2112 1807 2139 1845 2177 1835 2168 1843 2176 1805 2137 1836 2167 1804 2136 1779 2110 1780 2112 1781 2114 1838 2170 1837 2169 1846 2178 1836 2167 1805 2137 1844 2175 1835 2168 1836 2167 1843 2176 1838 2170 1839 2171 1830 2162 1827 2160 1837 2169 1829 2161 1837 2169 1845 2177 1846 2178 1847 2179 1839 2171 1838 2170 1832 2164 1842 2174 1823 2155 1848 2180 1841 2173 1849 2181 1848 2180 1840 2172 1841 2173 1806 2138 1807 2139 1834 2166 1842 2174 1832 2164 1850 2182 1844 2175 1852 2183 1851 2184 1842 2174 1850 2182 1773 2104 1773 2104 1771 2103 1806 2138 1853 2185 1843 2176 1851 2184 1781 2114 1844 2175 1805 2137 1780 2112 1771 2103 1782 2113 1846 2178 1845 2177 1854 2186 1844 2175 1781 2114 1852 2183 1843 2176 1844 2175 1851 2184 1846 2178 1847 2179 1838 2170 1835 2168 1845 2177 1837 2169 1845 2177 1853 2185 1854 2186 1855 2187 1847 2179 1846 2178 1840 2172 1850 2182 1832 2164 1856 2188 1849 2181 1857 2189 1856 2188 1848 2180 1849 2181 1773 2104 1806 2138 1842 2174 1850 2182 1840 2172 1858 2190 1852 2183 1860 2191 1859 2192 1850 2182 1858 2190 1810 2142 1810 2142 1772 2105 1773 2104 1861 2193 1851 2184 1859 2192 1782 2113 1852 2183 1781 2114 1771 2103 1772 2105 1808 2140 1854 2186 1853 2185 1862 2194 1852 2183 1782 2113 1860 2191 1851 2184 1852 2183 1859 2192 1854 2186 1855 2187 1846 2178 1843 2176 1853 2185 1845 2177 1853 2185 1861 2193 1862 2194 1863 2195 1855 2187 1854 2186 1848 2180 1858 2190 1840 2172 1864 2196 1857 2189 1865 2197 1864 2196 1856 2188 1857 2189 1810 2142 1773 2104 1850 2182 1858 2190 1848 2180 1866 2198 1860 2191 1868 2199 1867 2200 1858 2190 1866 2198 1811 2143 1811 2143 1776 2107 1810 2142 1869 2201 1859 2192 1867 2200 1808 2140 1860 2191 1782 2113 1772 2105 1776 2107 1774 2106 1862 2194 1861 2193 1870 2202 1860 2191 1808 2140 1868 2199 1859 2192 1860 2191 1867 2200 1862 2194 1863 2195 1854 2186 1851 2184 1861 2193 1853 2185 1861 2193 1869 2201 1870 2202 1871 2203 1863 2195 1862 2194 1856 2188 1866 2198 1848 2180 1872 2204 1865 2197 1873 2205 1872 2204 1864 2196 1865 2197 1811 2143 1810 2142 1858 2190 1866 2198 1856 2188 1874 2206 1868 2199 1876 2207 1875 2208 1866 2198 1874 2206 1767 2100 1767 2100 1768 2099 1811 2143 1877 2209 1867 2200 1875 2208 1774 2106 1868 2199 1808 2140 1776 2107 1768 2099 1775 2108 1870 2202 1869 2201 1878 2210 1868 2199 1774 2106 1876 2207 1867 2200 1868 2199 1875 2208 1870 2202 1871 2203 1862 2194 1859 2192 1869 2201 1861 2193 1869 2201 1877 2209 1878 2210 1879 2211 1871 2203 1870 2202 1864 2196 1874 2206 1856 2188 1880 2212 1873 2205 1881 2213 1880 2212 1872 2204 1873 2205 1767 2100 1811 2143 1866 2198 1874 2206 1864 2196 1882 2214 1876 2207 1884 2215 1883 2216 1874 2206 1882 2214 1813 2145 1813 2145 1766 2098 1767 2100 1885 2217 1875 2208 1883 2216 1775 2108 1876 2207 1774 2106 1768 2099 1766 2098 1812 2144 1878 2210 1877 2209 1886 2218 1876 2207 1775 2108 1884 2215 1875 2208 1876 2207 1883 2216 1878 2210 1879 2211 1870 2202 1867 2200 1877 2209 1869 2201 1877 2209 1885 2217 1886 2218 1887 2219 1879 2211 1878 2210 1872 2204 1882 2214 1864 2196 1888 2220 1881 2213 1889 2221 1888 2220 1880 2212 1881 2213 1813 2145 1767 2100 1874 2206 1882 2214 1872 2204 1890 2222 1884 2215 1892 2223 1891 2224 1882 2214 1890 2222 1694 2027 1694 2027 1695 2026 1813 2145 1893 2225 1883 2216 1891 2224 1812 2144 1884 2215 1775 2108 1766 2098 1695 2026 1770 2102 1886 2218 1885 2217 1894 2226 1884 2215 1812 2144 1892 2223 1883 2216 1884 2215 1891 2224 1886 2218 1887 2219 1878 2210 1875 2208 1885 2217 1877 2209 1885 2217 1893 2225 1894 2226 1895 2227 1887 2219 1886 2218 1880 2212 1890 2222 1872 2204 1896 2228 1889 2221 1897 2229 1896 2228 1888 2220 1889 2221 1694 2027 1813 2145 1882 2214 1890 2222 1880 2212 1898 2230 1892 2223 1900 2231 1899 2232 1890 2222 1898 2230 1761 2093 1761 2093 1693 2025 1694 2027 1901 2233 1891 2224 1899 2232 1770 2102 1892 2223 1812 2144 1695 2026 1693 2025 1769 2101 1894 2226 1893 2225 1902 2234 1892 2223 1770 2102 1900 2231 1891 2224 1892 2223 1899 2232 1894 2226 1895 2227 1886 2218 1883 2216 1893 2225 1885 2217 1893 2225 1901 2233 1902 2234 1903 2235 1895 2227 1894 2226 1888 2220 1898 2230 1880 2212 1904 2236 1897 2229 1905 2237 1904 2236 1896 2228 1897 2229 1761 2093 1694 2027 1890 2222 1898 2230 1888 2220 1906 2238 1900 2231 1908 2239 1907 2240 1898 2230 1906 2238 1816 2148 1816 2148 1762 2094 1761 2093 1909 2241 1899 2232 1907 2240 1769 2101 1900 2231 1770 2102 1693 2025 1762 2094 1814 2146 1902 2234 1901 2233 1910 2242 1900 2231 1769 2101 1908 2239 1899 2232 1900 2231 1907 2240 1902 2234 1903 2235 1894 2226 1891 2224 1901 2233 1893 2225 1901 2233 1909 2241 1910 2242 1911 2243 1903 2235 1902 2234 1896 2228 1906 2238 1888 2220 1912 2244 1905 2237 1913 2245 1912 2244 1904 2236 1905 2237 1816 2148 1761 2093 1898 2230 1906 2238 1896 2228 1914 2246 1908 2239 1916 2247 1915 2248 1906 2238 1914 2246 1815 2147 1815 2147 1763 2095 1816 2148 1917 2249 1907 2240 1915 2248 1814 2146 1908 2239 1769 2101 1762 2094 1763 2095 1764 2097 1910 2242 1909 2241 1918 2250 1908 2239 1814 2146 1916 2247 1907 2240 1908 2239 1915 2248 1910 2242 1911 2243 1902 2234 1899 2232 1909 2241 1901 2233 1909 2241 1917 2249 1918 2250 1919 2251 1911 2243 1910 2242 1904 2236 1914 2246 1896 2228 1920 2252 1913 2245 1921 2253 1920 2252 1912 2244 1913 2245 1815 2147 1816 2148 1906 2238 1914 2246 1904 2236 1922 2254 1916 2247 1924 2255 1923 2256 1914 2246 1922 2254 1757 2088 1757 2088 1755 2087 1815 2147 1925 2257 1915 2248 1923 2256 1764 2097 1916 2247 1814 2146 1763 2095 1755 2087 1765 2096 1918 2250 1917 2249 1926 2258 1916 2247 1764 2097 1924 2255 1915 2248 1916 2247 1923 2256 1918 2250 1919 2251 1910 2242 1907 2240 1917 2249 1909 2241 1917 2249 1925 2257 1926 2258 1927 2259 1919 2251 1918 2250 1912 2244 1922 2254 1904 2236 1928 2260 1921 2253 1929 2261 1928 2260 1920 2252 1921 2253 1757 2088 1815 2147 1914 2246 1922 2254 1912 2244 1930 2262 1924 2255 1932 2263 1931 2264 1922 2254 1930 2262 1818 2150 1818 2150 1756 2089 1757 2088 1933 2265 1923 2256 1931 2264 1765 2096 1924 2255 1764 2097 1755 2087 1756 2089 1817 2149 1926 2258 1925 2257 1934 2266 1924 2255 1765 2096 1932 2263 1923 2256 1924 2255 1931 2264 1926 2258 1927 2259 1918 2250 1915 2248 1925 2257 1917 2249 1925 2257 1933 2265 1934 2266 1935 2267 1927 2259 1926 2258 1920 2252 1930 2262 1912 2244 1936 2268 1928 2260 1929 2261 1936 2268 1937 2269 1928 2260 1818 2150 1757 2088 1922 2254 1930 2262 1920 2252 1938 2270 1932 2263 1940 2271 1939 2272 1930 2262 1938 2270 1809 2141 1809 2141 1760 2091 1818 2150 1941 2273 1931 2264 1939 2272 1817 2149 1932 2263 1765 2096 1756 2089 1760 2091 1758 2090 1934 2266 1933 2265 1942 2274 1932 2263 1817 2149 1940 2271 1931 2264 1932 2263 1939 2272 1934 2266 1935 2267 1926 2258 1923 2256 1933 2265 1925 2257 1933 2265 1941 2273 1942 2274 1943 2275 1935 2267 1934 2266 1928 2260 1938 2270 1920 2252 1944 2276 1937 2269 1936 2268 1944 2276 1945 2277 1937 2269 1809 2141 1818 2150 1930 2262 1938 2270 1928 2260 1946 2278 1940 2271 1948 2279 1947 2280 1938 2270 1946 2278 1750 2083 1750 2083 1751 2082 1809 2141 1949 2281 1939 2272 1947 2280 1758 2090 1940 2271 1817 2149 1760 2091 1751 2082 1759 2092 1942 2274 1941 2273 1950 2282 1940 2271 1758 2090 1948 2279 1939 2272 1940 2271 1947 2280 1942 2274 1943 2275 1934 2266 1931 2264 1941 2273 1933 2265 1941 2273 1949 2281 1950 2282 1951 2283 1943 2275 1942 2274 1937 2269 1946 2278 1928 2260 1952 2284 1945 2277 1944 2276 1952 2284 1953 2285 1945 2277 1750 2083 1809 2141 1938 2270 1946 2278 1937 2269 1954 2286 1948 2279 1956 2287 1955 2288 1946 2278 1954 2286 1821 2153 1821 2153 1749 2081 1750 2083 1957 2289 1947 2280 1955 2288 1759 2092 1948 2279 1758 2090 1751 2082 1749 2081 1819 2151 1950 2282 1949 2281 1958 2290 1948 2279 1759 2092 1956 2287 1947 2280 1948 2279 1955 2288 1950 2282 1951 2283 1942 2274 1939 2272 1949 2281 1941 2273 1949 2281 1957 2289 1958 2290 1959 2291 1951 2283 1950 2282 1945 2277 1954 2286 1937 2269 1960 2292 1953 2285 1952 2284 1960 2292 1961 2293 1953 2285 1821 2153 1750 2083 1946 2278 1954 2286 1945 2277 1962 2294 1956 2287 1964 2295 1963 2296 1954 2286 1962 2294 1820 2152 1820 2152 1753 2086 1821 2153 1965 2297 1955 2288 1963 2296 1819 2151 1956 2287 1759 2092 1749 2081 1753 2086 1754 2085 1958 2290 1957 2289 1966 2298 1956 2287 1819 2151 1964 2295 1955 2288 1956 2287 1963 2296 1958 2290 1959 2291 1950 2282 1947 2280 1957 2289 1949 2281 1957 2289 1965 2297 1966 2298 1967 2299 1959 2291 1958 2290 1953 2285 1962 2294 1945 2277 1968 2300 1961 2293 1960 2292 1968 2300 1969 2301 1961 2293 1820 2152 1821 2153 1954 2286 1962 2294 1953 2285 1970 2302 1964 2295 1972 2303 1971 2304 1962 2294 1970 2302 1748 2080 1748 2080 1747 2079 1820 2152 1973 2305 1963 2296 1971 2304 1754 2085 1964 2295 1819 2151 1753 2086 1747 2079 1752 2084 1966 2298 1965 2297 1974 2306 1964 2295 1754 2085 1972 2303 1963 2296 1964 2295 1971 2304 1966 2298 1967 2299 1958 2290 1955 2288 1965 2297 1957 2289 1965 2297 1973 2305 1974 2306 1975 2307 1967 2299 1966 2298 1961 2293 1970 2302 1953 2285 1976 2308 1969 2301 1968 2300 1976 2308 1977 2309 1969 2301 1748 2080 1820 2152 1962 2294 1970 2302 1961 2293 1978 2310 1972 2303 1980 2311 1979 2312 1978 2310 1822 2154 1970 2302 1822 2154 1688 2021 1748 2080 1981 2313 1971 2304 1979 2312 1752 2084 1972 2303 1754 2085 1747 2079 1688 2021 1689 2020 1974 2306 1973 2305 1982 2314 1972 2303 1752 2084 1980 2311 1971 2304 1972 2303 1979 2312 1974 2306 1975 2307 1966 2298 1963 2296 1973 2305 1965 2297 1973 2305 1981 2313 1982 2314 1983 2315 1975 2307 1974 2306 1969 2301 1978 2310 1961 2293 1984 2316 1977 2309 1976 2308 1984 2316 1985 2317 1977 2309 1822 2154 1748 2080 1970 2302 1978 2310 1969 2301 1986 2318 1980 2311 1988 2319 1987 2320 1986 2318 1746 2078 1978 2310 1746 2078 1745 2077 1822 2154 1989 2321 1979 2312 1987 2320 1689 2020 1980 2311 1752 2084 1688 2021 1745 2077 1687 2019 1982 2314 1981 2313 1990 2322 1980 2311 1689 2020 1988 2319 1979 2312 1980 2311 1987 2320 1982 2314 1983 2315 1974 2306 1971 2304 1981 2313 1973 2305 1981 2313 1989 2321 1990 2322 1991 2323 1983 2315 1982 2314 1977 2309 1986 2318 1969 2301 1992 2324 1985 2317 1984 2316 1992 2324 1993 2325 1985 2317 1746 2078 1822 2154 1978 2310 1986 2318 1977 2309 1994 2326 1988 2319 1996 2327 1995 2328 1994 2326 1744 2076 1986 2318 1744 2076 1743 2075 1746 2078 1997 2329 1987 2320 1995 2328 1687 2019 1988 2319 1689 2020 1745 2077 1743 2075 1742 2074 1990 2322 1989 2321 1998 2330 1988 2319 1687 2019 1996 2327 1987 2320 1988 2319 1995 2328 1990 2322 1991 2323 1982 2314 1979 2312 1989 2321 1981 2313 1989 2321 1997 2329 1998 2330 1999 2331 1991 2323 1990 2322 1985 2317 1994 2326 1977 2309 2000 2332 1993 2325 1992 2324 2000 2332 2001 2333 1993 2325 1744 2076 1746 2078 1986 2318 1994 2326 1985 2317 2002 2334 1996 2327 2004 2335 2003 2336 1994 2326 2002 2334 1741 2073 1741 2073 1739 2071 1744 2076 2005 2337 1995 2328 2003 2336 1742 2074 1996 2327 1687 2019 1743 2075 1739 2071 1740 2072 1998 2330 1997 2329 2006 2338 1996 2327 1742 2074 2004 2335 1995 2328 1996 2327 2003 2336 1998 2330 1999 2331 1990 2322 1987 2320 1997 2329 1989 2321 1997 2329 2005 2337 2006 2338 2007 2339 1999 2331 1998 2330 1993 2325 2002 2334 1985 2317 2008 2340 2001 2333 2000 2332 2008 2340 2009 2341 2001 2333 1741 2073 1744 2076 1994 2326 2002 2334 1993 2325 2010 2342 2004 2335 2012 2343 2011 2344 2002 2334 2010 2342 1738 2070 1738 2070 1736 2069 1741 2073 2013 2345 2003 2336 2011 2344 1740 2072 2004 2335 1742 2074 1739 2071 1736 2069 1737 2068 2006 2338 2005 2337 2014 2346 2004 2335 1740 2072 2012 2343 2003 2336 2004 2335 2011 2344 2006 2338 2007 2339 1998 2330 1995 2328 2005 2337 1997 2329 2005 2337 2013 2345 2014 2346 2015 2347 2007 2339 2006 2338 2001 2333 2010 2342 1993 2325 2016 2348 2009 2341 2008 2340 2016 2348 2017 2349 2009 2341 1738 2070 1741 2073 2002 2334 2010 2342 2001 2333 2018 2350 2012 2343 2020 2351 2019 2352 2010 2342 2018 2350 1735 2067 1735 2067 1734 2066 1738 2070 2021 2353 2011 2344 2019 2352 1737 2068 2012 2343 1740 2072 1736 2069 1734 2066 1733 2065 2014 2346 2013 2345 2022 2354 2012 2343 1737 2068 2020 2351 2011 2344 2012 2343 2019 2352 2014 2346 2015 2347 2006 2338 2003 2336 2013 2345 2005 2337 2013 2345 2021 2353 2022 2354 2023 2355 2015 2347 2014 2346 2009 2341 2018 2350 2001 2333 2024 2356 2017 2349 2016 2348 2024 2356 2025 2357 2017 2349 1735 2067 1738 2070 2010 2342 2018 2350 2009 2341 2026 2358 2020 2351 2028 2359 2027 2360 2018 2350 2026 2358 1727 2060 1727 2060 1728 2059 1735 2067 2029 2361 2019 2352 2027 2360 1733 2065 2020 2351 1737 2068 1734 2066 1728 2059 1732 2064 2022 2354 2021 2353 2030 2362 2020 2351 1733 2065 2028 2359 2019 2352 2020 2351 2027 2360 2022 2354 2023 2355 2014 2346 2011 2344 2021 2353 2013 2345 2021 2353 2029 2361 2030 2362 2031 2363 2023 2355 2022 2354 2017 2349 2026 2358 2009 2341 2032 2364 2025 2357 2024 2356 2032 2364 2033 2365 2025 2357 1727 2060 1735 2067 2018 2350 2026 2358 2017 2349 2034 2366 2028 2359 2036 2367 2035 2368 2026 2358 2034 2366 1783 2115 1783 2115 1722 2054 1727 2060 2037 2369 2027 2360 2035 2368 1732 2064 2028 2359 1733 2065 1728 2059 1722 2054 1723 2056 2030 2362 2029 2361 2038 2370 2028 2359 1732 2064 2036 2367 2027 2360 2028 2359 2035 2368 2030 2362 2031 2363 2022 2354 2019 2352 2029 2361 2021 2353 2029 2361 2037 2369 2038 2370 2039 2371 2031 2363 2030 2362 2025 2357 2034 2366 2017 2349 2040 2372 2033 2365 2032 2364 2040 2372 2041 2373 2033 2365 1783 2115 1727 2060 2026 2358 2034 2366 2025 2357 2042 2374 2036 2367 1711 2044 2043 2375 1690 2023 2034 2366 2042 2374 1691 2022 1783 2115 1690 2023 2044 2376 2035 2368 2043 2375 1723 2056 2036 2367 1732 2064 1722 2054 1691 2022 1724 2055 2038 2370 2037 2369 2045 2377 2036 2367 1723 2056 1711 2044 2035 2368 2036 2367 2043 2375 2038 2370 2039 2371 2030 2362 2027 2360 2037 2369 2029 2361 2037 2369 2044 2376 2045 2377 2046 2378 2039 2371 2038 2370 2033 2365 2042 2374 2025 2357 2047 2379 2040 2372 2048 2380 2041 2373 2040 2372 2047 2379 1690 2023 1783 2115 2034 2366 2049 2381 2042 2374 2033 2365 1714 2046 1724 2055 1691 2022 1686 2017 2042 2374 2049 2381 1686 2017 1684 2016 1690 2023 2050 2382 2043 2375 1712 2043 1724 2055 1711 2044 1723 2056 1691 2022 1684 2016 1714 2046 2045 2377 2044 2376 2051 2383 1711 2044 1724 2055 1681 2013 2043 2375 1711 2044 1712 2043 2045 2377 2046 2378 2038 2370 2035 2368 2044 2376 2037 2369 2044 2376 2050 2382 2051 2383 2052 2384 2046 2378 2045 2377 2041 2373 2049 2381 2033 2365 1696 2028 2048 2380 1698 2029 2048 2380 1696 2028 2047 2379 1686 2017 1690 2023 2042 2374 2053 2385 2049 2381 2041 2373 1684 2016 1685 2018 1713 2045 1692 2024 1686 2017 2049 2381 1683 2014 2054 2386 1716 2049 2055 2387 1712 2043 1682 2015 1714 2046 1681 2013 1724 2055 1684 2016 1713 2045 1714 2046 2051 2383 2050 2382 2056 2388 1681 2013 1714 2046 1683 2014 1712 2043 1681 2013 1682 2015 2051 2383 2052 2384 2045 2377 2043 2375 2050 2382 2044 2376 2050 2382 2055 2387 2056 2388 2057 2389 2052 2384 2051 2383 2047 2379 2053 2385 2041 2373 1697 2030 1698 2029 1825 2157 1700 2033 2058 2390 1692 2024 2053 2385 1692 2024 2049 2381 2053 2385 2047 2379 2059 2391 2058 2390 2060 2392 1685 2018 1700 2033 1692 2024 2053 2385 2060 2392 2054 2386 1713 2045 1685 2018 1692 2024 2058 2390 2061 2393 1682 2015 1716 2049 1713 2045 1685 2018 2060 2392 2056 2388 2055 2387 2062 2394 1683 2014 1713 2045 2054 2386 1682 2015 1683 2014 1716 2049 2056 2388 2057 2389 2051 2383 1712 2043 2055 2387 2050 2382 2055 2387 2061 2393 2062 2394 2063 2395 2057 2389 2056 2388 1696 2028 2059 2391 2047 2379 1705 2037 1825 2157 2064 2396 2065 2397 2058 2390 1701 2032 2059 2391 1700 2033 2053 2385 2066 2398 2059 2391 1696 2028 2067 2399 2060 2392 2065 2397 1699 2031 1700 2033 2059 2391 1715 2047 2054 2386 2067 2399 1701 2032 2058 2390 1700 2033 2068 2400 1725 2058 1726 2057 2065 2397 2060 2392 2058 2390 2062 2394 2061 2393 1718 2050 2060 2392 2067 2399 2054 2386 1716 2049 2054 2386 1715 2047 2062 2394 2063 2395 2056 2388 1682 2015 2061 2393 2055 2387 2061 2393 1717 2048 1718 2050 2069 2401 2063 2395 2062 2394 1697 2030 2066 2398 1696 2028 2064 2396 2070 2402 1707 2038 1699 2031 2072 2403 2071 2404 2066 2398 1699 2031 2059 2391 1697 2030 2073 2405 2066 2398 1701 2032 2071 2404 2074 2406 2066 2398 2072 2403 1699 2031 2065 2397 2074 2406 2075 2407 1699 2031 2071 2404 1701 2032 2067 2399 2075 2407 1726 2057 1701 2032 2074 2406 2065 2397 1715 2047 1726 2057 1721 2052 2067 2399 2065 2397 2075 2407 1715 2047 2067 2399 1726 2057 1718 2050 2069 2401 2062 2394 1716 2049 1717 2048 2061 2393 1717 2048 1721 2052 1719 2051 2076 2408 2069 2401 1718 2050 1705 2037 2073 2405 1697 2030 2077 2409 2078 2410 1706 2039 2078 2410 2072 2403 2073 2405 2073 2405 2072 2403 2066 2398 2073 2405 1706 2039 2078 2410 2079 2411 2071 2404 2072 2403 2072 2403 2078 2410 2079 2411 2080 2412 2074 2406 2071 2404 2071 2404 2079 2411 2080 2412 2081 2413 2075 2407 2074 2406 2074 2406 2080 2412 2081 2413 2068 2400 1726 2057 2075 2407 2075 2407 2081 2413 2068 2400 1730 2063 1720 2053 1729 2061 1719 2051 2076 2408 1718 2050 1715 2047 1721 2052 1717 2048 1721 2052 1725 2058 1720 2053 2082 2414 2076 2408 1719 2051 2064 2396 1707 2038 1705 2037 1703 2036 2070 2402 1702 2034 2079 2411 2078 2410 2083 2415 1705 2037 1706 2039 2073 2405 1706 2039 1708 2040 2077 2409 2080 2412 2079 2411 2084 2416 2078 2410 2077 2409 2083 2415 2081 2413 2080 2412 2085 2417 2079 2411 2083 2415 2084 2416 2068 2400 2081 2413 2086 2418 2080 2412 2084 2416 2085 2417 1725 2058 2068 2400 2087 2419 2081 2413 2085 2417 2086 2418 1720 2053 1725 2058 1729 2061 2086 2418 2087 2419 2068 2400 1720 2053 2082 2414 1719 2051 1725 2058 2087 2419 1729 2061 1730 2063 2082 2414 1720 2053 2070 2402 1703 2036 1707 2038 1707 2038 1708 2040 1706 2039 1709 2041 1787 2119 1708 2040 1703 2036 1709 2041 1708 2040 1787 2119 1789 2121 2077 2409 1708 2040 1787 2119 2077 2409 1789 2121 1795 2127 2083 2415 2077 2409 1789 2121 2083 2415 1795 2127 1794 2125 2084 2416 2083 2415 1795 2127 2084 2416 1794 2125 1796 2129 2085 2417 2084 2416 1794 2125 2085 2417 1796 2129 1798 2130 2086 2418 2085 2417 1796 2129 2086 2418 1798 2130 1799 2132 2087 2419 2086 2418 1798 2130 2087 2419 1731 2062 1729 2061 1799 2132 2087 2419 1799 2132 1729 2061 2088 2420 2090 2421 2089 2422 2091 2423 2093 2424 2092 2425 2094 2426 2096 2427 2095 2428 2097 2429 2099 2430 2098 2431 2100 2432 2102 2433 2101 2434 2103 2435 2105 2436 2104 2437 2106 2438 2108 2439 2107 2440 2109 2441 2111 2442 2110 2443 2112 2444 2114 2445 2113 2446 2115 2447 2117 2448 2116 2449 2118 2450 2120 2451 2119 2452 2121 2453 2123 2454 2122 2455 2124 2456 2126 2457 2125 2458 2127 2459 2129 2460 2128 2461 2130 2462 2132 2463 2131 2464 2133 2465 2135 2466 2134 2467 2136 2468 2138 2469 2137 2470 2139 2471 2141 2472 2140 2473 2142 2474 2144 2475 2143 2476 2145 2477 2146 2478 2140 2473 2140 2473 2141 2472 2145 2477 2147 2479 2146 2478 2148 2480 2145 2477 2148 2480 2146 2478 2147 2479 2150 2481 2149 2482 2150 2481 2147 2479 2148 2480 2151 2483 2152 2484 2149 2482 2149 2482 2150 2481 2151 2483 2153 2485 2152 2484 2154 2486 2151 2483 2154 2486 2152 2484 2153 2485 2156 2487 2155 2488 2156 2487 2153 2485 2154 2486 2157 2489 2158 2490 2155 2488 2155 2488 2156 2487 2157 2489 2159 2491 2158 2490 2160 2492 2157 2489 2160 2492 2158 2490 2089 2422 2160 2492 2161 2493 2160 2492 2089 2422 2159 2491 2139 2471 2142 2474 2143 2476 2139 2471 2143 2476 2141 2472 2133 2465 2144 2475 2135 2466 2135 2466 2144 2475 2142 2474 2138 2469 2134 2467 2137 2470 2138 2469 2133 2465 2134 2467 2136 2468 2127 2459 2128 2461 2136 2468 2137 2470 2127 2459 2129 2460 2132 2463 2130 2462 2128 2461 2129 2460 2130 2462 2122 2455 2123 2454 2131 2464 2132 2463 2122 2455 2131 2464 2124 2456 2125 2458 2121 2453 2121 2453 2125 2458 2123 2454 2115 2447 2126 2457 2117 2448 2117 2448 2126 2457 2124 2456 2120 2451 2116 2449 2119 2452 2120 2451 2115 2447 2116 2449 2118 2450 2109 2441 2110 2443 2118 2450 2119 2452 2109 2441 2111 2442 2114 2445 2112 2444 2110 2443 2111 2442 2112 2444 2104 2437 2105 2436 2113 2446 2114 2445 2104 2437 2113 2446 2106 2438 2107 2440 2103 2435 2103 2435 2107 2440 2105 2436 2097 2429 2108 2439 2099 2430 2099 2430 2108 2439 2106 2438 2102 2433 2098 2431 2101 2434 2102 2433 2097 2429 2098 2431 2100 2432 2091 2423 2092 2425 2100 2432 2101 2434 2091 2423 2093 2424 2094 2426 2095 2428 2092 2425 2093 2424 2095 2428 2090 2421 2088 2420 2096 2427 2094 2426 2090 2421 2096 2427 2089 2422 2161 2493 2088 2420 2162 2494 2164 2494 2163 2494 2165 2495 2167 2496 2166 2497 2168 2498 2170 2499 2169 2500 2171 2501 2173 2501 2172 2501 2174 2502 2164 2503 2175 2504 2164 2505 2162 2505 2175 2505 2176 2506 2164 2506 2177 2506 2164 2507 2174 2508 2177 2509 2178 2510 2164 2510 2179 2510 2164 2511 2176 2511 2179 2511 2164 2512 2180 2513 2169 2514 2164 2515 2178 2515 2180 2515 2181 2516 2183 2516 2182 2516 2184 2517 2186 2517 2185 2517 2182 2518 2188 2518 2187 2518 2189 2519 2190 2519 2187 2519 2189 2520 2187 2520 2191 2520 2190 2521 2193 2521 2192 2521 2194 2522 2193 2522 2190 2522 2195 2523 2196 2523 2192 2523 2195 2524 2192 2525 2197 2526 2198 2527 2200 2528 2199 2529 2196 2530 2201 2531 2167 2532 2165 2533 2203 2533 2202 2533 2181 2534 2182 2534 2204 2534 2205 2535 2206 2535 2202 2535 2203 2536 2207 2537 2202 2538 2208 2539 2210 2539 2209 2539 2206 2540 2212 2540 2211 2540 2213 2541 2215 2541 2214 2541 2188 2542 2182 2543 2183 2544 2216 2545 2172 2545 2217 2545 2218 2546 2220 2546 2219 2546 2221 2547 2172 2547 2222 2547 2172 2548 2216 2548 2222 2548 2223 2549 2172 2550 2224 2551 2172 2552 2221 2553 2224 2554 2172 2555 2173 2555 2164 2555 2172 2556 2223 2556 2171 2556 2163 2557 2164 2557 2225 2557 2164 2558 2173 2558 2225 2558 2226 2559 2227 2559 2164 2559 2204 2560 2228 2560 2181 2560 2229 2561 2231 2562 2230 2563 2227 2564 2226 2564 2232 2564 2208 2565 2234 2565 2233 2565 2235 2566 2210 2567 2236 2568 2235 2569 2209 2570 2210 2571 2237 2572 2217 2573 2238 2574 2239 2575 2236 2575 2215 2575 2210 2576 2215 2576 2236 2576 2188 2577 2191 2578 2187 2579 2238 2580 2217 2580 2240 2580 2213 2581 2239 2581 2215 2581 2190 2582 2189 2582 2194 2582 2197 2583 2192 2584 2193 2585 2241 2586 2199 2586 2242 2586 2243 2587 2245 2587 2244 2587 2201 2588 2196 2588 2195 2588 2165 2589 2196 2589 2167 2589 2240 2590 2217 2590 2172 2590 2246 2591 2199 2591 2241 2591 2203 2592 2165 2593 2166 2594 2205 2595 2212 2595 2206 2595 2247 2596 2200 2597 2248 2598 2248 2599 2200 2600 2198 2601 2212 2602 2217 2603 2237 2604 2249 2605 2227 2606 2250 2607 2200 2608 2247 2608 2251 2608 2219 2609 2251 2610 2218 2611 2172 2612 2220 2612 2240 2612 2219 2613 2220 2613 2172 2613 2211 2614 2212 2614 2237 2614 2207 2615 2205 2616 2202 2617 2228 2618 2204 2619 2185 2620 2186 2621 2252 2622 2185 2623 2185 2624 2204 2624 2184 2624 2168 2625 2169 2625 2252 2625 2185 2626 2252 2627 2169 2628 2169 2629 2170 2629 2164 2629 2226 2630 2164 2630 2170 2630 2253 2631 2232 2632 2231 2633 2233 2634 2210 2634 2208 2634 2254 2635 2227 2635 2255 2635 2256 2636 2233 2637 2234 2638 2257 2639 2256 2639 2229 2639 2256 2640 2257 2640 2233 2640 2229 2641 2230 2642 2258 2643 2257 2644 2229 2644 2258 2644 2259 2645 2230 2646 2231 2647 2260 2648 2231 2649 2232 2650 2231 2651 2260 2651 2259 2651 2232 2652 2253 2652 2227 2652 2227 2653 2261 2653 2255 2653 2227 2654 2253 2654 2261 2654 2227 2655 2263 2656 2262 2657 2254 2658 2263 2659 2227 2660 2227 2661 2265 2661 2264 2661 2262 2662 2265 2663 2227 2664 2242 2665 2266 2666 2241 2667 2264 2668 2250 2668 2227 2668 2219 2669 2227 2669 2267 2669 2249 2670 2267 2671 2227 2672 2200 2673 2251 2674 2268 2675 2269 2676 2219 2676 2270 2676 2219 2677 2267 2678 2270 2679 2271 2680 2219 2681 2272 2682 2219 2683 2269 2684 2272 2685 2273 2686 2219 2687 2274 2688 2219 2689 2271 2690 2274 2691 2251 2692 2219 2692 2268 2692 2219 2693 2273 2694 2268 2695 2198 2696 2199 2696 2246 2696 2275 2697 2266 2698 2276 2699 2266 2700 2275 2701 2241 2702 2245 2703 2275 2703 2277 2703 2276 2704 2277 2704 2275 2704 2245 2705 2243 2705 2214 2705 2245 2706 2277 2706 2244 2706 2213 2707 2214 2707 2278 2707 2214 2708 2243 2708 2278 2708 2279 2709 2281 2710 2280 2711 2282 2712 2284 2713 2283 2714 2285 2715 2287 2716 2286 2717 2282 2712 2289 2718 2288 2719 2280 2711 2291 2720 2290 2721 2292 2722 2294 2723 2293 2724 2295 2725 2297 2726 2296 2727 2298 2728 2300 2729 2299 2730 2301 2731 2303 2732 2302 2733 2304 2734 2305 2735 2301 2731 2304 2734 2307 2736 2306 2737 2307 2736 2308 2738 2306 2737 2306 2737 2309 2739 2304 2734 2283 2714 2284 2713 2310 2740 2311 2741 2313 2742 2312 2743 2314 2744 2316 2745 2315 2746 2291 2720 2318 2747 2317 2748 2319 2749 2315 2746 2320 2750 2311 2741 2316 2745 2321 2751 2322 2752 2324 2753 2323 2754 2325 2755 2327 2756 2326 2757 2328 2758 2329 2759 2326 2757 2327 2756 2330 2760 2328 2758 2331 2761 2332 2762 2330 2760 2328 2758 2332 2762 2333 2763 2331 2761 2335 2764 2334 2765 2336 2766 2332 2762 2334 2765 2337 2767 2335 2764 2338 2768 2337 2767 2339 2769 2334 2765 2340 2770 2341 2771 2338 2768 2337 2767 2341 2771 2342 2772 2340 2770 2285 2715 2343 2773 2341 2771 2343 2773 2344 2774 2345 2775 2346 2776 2286 2717 2347 2777 2349 2778 2348 2779 2350 2780 2352 2781 2351 2782 2353 2783 2355 2784 2354 2785 2356 2786 2358 2787 2357 2788 2359 2789 2360 2790 2292 2722 2361 2791 2363 2792 2362 2793 2364 2794 2366 2795 2365 2796 2367 2797 2368 2798 2294 2723 2369 2799 2371 2800 2370 2801 2372 2802 2374 2803 2373 2804 2375 2805 2377 2806 2376 2807 2378 2808 2380 2809 2379 2810 2381 2811 2289 2718 2326 2757 2308 2738 2383 2812 2382 2813 2384 2814 2385 2815 2309 2739 2306 2737 2382 2813 2386 2816 2387 2817 2389 2818 2388 2819 2384 2814 2389 2818 2385 2815 2390 2820 2392 2821 2391 2822 2393 2823 2391 2822 2392 2821 2390 2820 2395 2824 2394 2825 2394 2825 2392 2821 2390 2820 2396 2826 2398 2827 2397 2828 2395 2824 2398 2827 2396 2826 2323 2754 2397 2828 2399 2829 2388 2819 2393 2823 2387 2817 2306 2737 2386 2816 2309 2739 2309 2739 2386 2816 2384 2814 2400 2830 2383 2812 2401 2831 2382 2813 2306 2737 2308 2738 2389 2818 2402 2832 2388 2819 2385 2815 2389 2818 2387 2817 2376 2807 2403 2833 2402 2832 2389 2818 2384 2814 2376 2807 2379 2810 2403 2833 2377 2806 2404 2834 2369 2799 2378 2808 2405 2835 2378 2808 2377 2806 2380 2809 2369 2799 2406 2836 2349 2778 2358 2787 2407 2837 2374 2803 2370 2801 2408 2838 2406 2836 2370 2801 2372 2802 2374 2803 2409 2839 2366 2795 2368 2798 2410 2840 2364 2794 2410 2840 2373 2804 2366 2795 2294 2723 2364 2794 2411 2841 2360 2790 2362 2793 2412 2842 2292 2722 2412 2842 2367 2797 2413 2843 2353 2783 2361 2791 2414 2844 2361 2791 2360 2790 2354 2785 2356 2786 2415 2845 2416 2846 2358 2787 2354 2785 2363 2792 2353 2783 2415 2845 2417 2847 2347 2777 2352 2781 2357 2788 2349 2778 2417 2847 2351 2782 2418 2848 2345 2775 2347 2777 2419 2849 2351 2782 2287 2716 2350 2780 2345 2775 2343 2773 2286 2717 2420 2850 2421 2851 2401 2831 2422 2852 2296 2727 2423 2853 2302 2733 2383 2812 2400 2830 2382 2813 2421 2851 2400 2830 2401 2831 2386 2816 2382 2813 2424 2854 2391 2822 2426 2855 2425 2856 2386 2816 2424 2854 2375 2805 2375 2805 2376 2807 2384 2814 2427 2857 2390 2820 2425 2856 2388 2819 2391 2822 2393 2823 2389 2818 2376 2807 2402 2832 2398 2827 2395 2824 2428 2858 2391 2822 2388 2819 2426 2855 2390 2820 2391 2822 2425 2856 2398 2827 2399 2829 2397 2828 2394 2825 2395 2824 2396 2826 2395 2824 2427 2857 2428 2858 2429 2859 2399 2829 2398 2827 2400 2830 2424 2854 2382 2813 2430 2860 2422 2852 2431 2861 2430 2860 2421 2851 2422 2852 2375 2805 2384 2814 2386 2816 2424 2854 2400 2830 2432 2862 2426 2855 2434 2863 2433 2864 2424 2854 2432 2862 2405 2835 2405 2835 2377 2806 2375 2805 2435 2865 2425 2856 2433 2864 2402 2832 2426 2855 2388 2819 2376 2807 2377 2806 2403 2833 2428 2858 2427 2857 2436 2866 2426 2855 2402 2832 2434 2863 2425 2856 2426 2855 2433 2864 2428 2858 2429 2859 2398 2827 2390 2820 2427 2857 2395 2824 2427 2857 2435 2865 2436 2866 2437 2867 2429 2859 2428 2858 2421 2851 2432 2862 2400 2830 2438 2868 2431 2861 2439 2869 2438 2868 2430 2860 2431 2861 2405 2835 2375 2805 2424 2854 2432 2862 2421 2851 2440 2870 2434 2863 2442 2871 2441 2872 2432 2862 2440 2870 2404 2834 2404 2834 2378 2808 2405 2835 2443 2873 2433 2864 2441 2872 2403 2833 2434 2863 2402 2832 2377 2806 2378 2808 2379 2810 2436 2866 2435 2865 2444 2874 2434 2863 2403 2833 2442 2871 2433 2864 2434 2863 2441 2872 2436 2866 2437 2867 2428 2858 2425 2856 2435 2865 2427 2857 2435 2865 2443 2873 2444 2874 2445 2875 2437 2867 2436 2866 2430 2860 2440 2870 2421 2851 2446 2876 2439 2869 2447 2877 2446 2876 2438 2868 2439 2869 2404 2834 2405 2835 2432 2862 2440 2870 2430 2860 2448 2878 2442 2871 2450 2879 2449 2880 2440 2870 2448 2878 2371 2800 2371 2800 2369 2799 2404 2834 2451 2881 2441 2872 2449 2880 2379 2810 2442 2871 2403 2833 2378 2808 2369 2799 2380 2809 2444 2874 2443 2873 2452 2882 2442 2871 2379 2810 2450 2879 2441 2872 2442 2871 2449 2880 2444 2874 2445 2875 2436 2866 2433 2864 2443 2873 2435 2865 2443 2873 2451 2881 2452 2882 2453 2883 2445 2875 2444 2874 2438 2868 2448 2878 2430 2860 2454 2884 2447 2877 2455 2885 2454 2884 2446 2876 2447 2877 2371 2800 2404 2834 2440 2870 2448 2878 2438 2868 2456 2886 2450 2879 2458 2887 2457 2888 2448 2878 2456 2886 2408 2838 2408 2838 2370 2801 2371 2800 2459 2889 2449 2880 2457 2888 2380 2809 2450 2879 2379 2810 2369 2799 2370 2801 2406 2836 2452 2882 2451 2881 2460 2890 2450 2879 2380 2809 2458 2887 2449 2880 2450 2879 2457 2888 2452 2882 2453 2883 2444 2874 2441 2872 2451 2881 2443 2873 2451 2881 2459 2889 2460 2890 2461 2891 2453 2883 2452 2882 2446 2876 2456 2886 2438 2868 2462 2892 2455 2885 2463 2893 2462 2892 2454 2884 2455 2885 2408 2838 2371 2800 2448 2878 2456 2886 2446 2876 2464 2894 2458 2887 2466 2895 2465 2896 2456 2886 2464 2894 2409 2839 2409 2839 2374 2803 2408 2838 2467 2897 2457 2888 2465 2896 2406 2836 2458 2887 2380 2809 2370 2801 2374 2803 2372 2802 2460 2890 2459 2889 2468 2898 2458 2887 2406 2836 2466 2895 2457 2888 2458 2887 2465 2896 2460 2890 2461 2891 2452 2882 2449 2880 2459 2889 2451 2881 2459 2889 2467 2897 2468 2898 2469 2899 2461 2891 2460 2890 2454 2884 2464 2894 2446 2876 2470 2900 2463 2893 2471 2901 2470 2900 2462 2892 2463 2893 2409 2839 2408 2838 2456 2886 2464 2894 2454 2884 2472 2902 2466 2895 2474 2903 2473 2904 2464 2894 2472 2902 2365 2796 2365 2796 2366 2795 2409 2839 2475 2905 2465 2896 2473 2904 2372 2802 2466 2895 2406 2836 2374 2803 2366 2795 2373 2804 2468 2898 2467 2897 2476 2906 2466 2895 2372 2802 2474 2903 2465 2896 2466 2895 2473 2904 2468 2898 2469 2899 2460 2890 2457 2888 2467 2897 2459 2889 2467 2897 2475 2905 2476 2906 2477 2907 2469 2899 2468 2898 2462 2892 2472 2902 2454 2884 2478 2908 2471 2901 2479 2909 2478 2908 2470 2900 2471 2901 2365 2796 2409 2839 2464 2894 2472 2902 2462 2892 2480 2910 2474 2903 2482 2911 2481 2912 2472 2902 2480 2910 2411 2841 2411 2841 2364 2794 2365 2796 2483 2913 2473 2904 2481 2912 2373 2804 2474 2903 2372 2802 2366 2795 2364 2794 2410 2840 2476 2906 2475 2905 2484 2914 2474 2903 2373 2804 2482 2911 2473 2904 2474 2903 2481 2912 2476 2906 2477 2907 2468 2898 2465 2896 2475 2905 2467 2897 2475 2905 2483 2913 2484 2914 2485 2915 2477 2907 2476 2906 2470 2900 2480 2910 2462 2892 2486 2916 2479 2909 2487 2917 2486 2916 2478 2908 2479 2909 2411 2841 2365 2796 2472 2902 2480 2910 2470 2900 2488 2918 2482 2911 2490 2919 2489 2920 2480 2910 2488 2918 2293 2724 2293 2724 2294 2723 2411 2841 2491 2921 2481 2912 2489 2920 2410 2840 2482 2911 2373 2804 2364 2794 2294 2723 2368 2798 2484 2914 2483 2913 2492 2922 2482 2911 2410 2840 2490 2919 2481 2912 2482 2911 2489 2920 2484 2914 2485 2915 2476 2906 2473 2904 2483 2913 2475 2905 2483 2913 2491 2921 2492 2922 2493 2923 2485 2915 2484 2914 2478 2908 2488 2918 2470 2900 2494 2924 2487 2917 2495 2925 2494 2924 2486 2916 2487 2917 2293 2724 2411 2841 2480 2910 2488 2918 2478 2908 2496 2926 2490 2919 2498 2927 2497 2928 2488 2918 2496 2926 2359 2789 2359 2789 2292 2722 2293 2724 2499 2929 2489 2920 2497 2928 2368 2798 2490 2919 2410 2840 2294 2723 2292 2722 2367 2797 2492 2922 2491 2921 2500 2930 2490 2919 2368 2798 2498 2927 2489 2920 2490 2919 2497 2928 2492 2922 2493 2923 2484 2914 2481 2912 2491 2921 2483 2913 2491 2921 2499 2929 2500 2930 2501 2931 2493 2923 2492 2922 2486 2916 2496 2926 2478 2908 2502 2932 2495 2925 2503 2933 2502 2932 2494 2924 2495 2925 2359 2789 2293 2724 2488 2918 2496 2926 2486 2916 2504 2934 2498 2927 2506 2935 2505 2936 2496 2926 2504 2934 2414 2844 2414 2844 2360 2790 2359 2789 2507 2937 2497 2928 2505 2936 2367 2797 2498 2927 2368 2798 2292 2722 2360 2790 2412 2842 2500 2930 2499 2929 2508 2938 2498 2927 2367 2797 2506 2935 2497 2928 2498 2927 2505 2936 2500 2930 2501 2931 2492 2922 2489 2920 2499 2929 2491 2921 2499 2929 2507 2937 2508 2938 2509 2939 2501 2931 2500 2930 2494 2924 2504 2934 2486 2916 2510 2940 2503 2933 2511 2941 2510 2940 2502 2932 2503 2933 2414 2844 2359 2789 2496 2926 2504 2934 2494 2924 2512 2942 2506 2935 2514 2943 2513 2944 2504 2934 2512 2942 2413 2843 2413 2843 2361 2791 2414 2844 2515 2945 2505 2936 2513 2944 2412 2842 2506 2935 2367 2797 2360 2790 2361 2791 2362 2793 2508 2938 2507 2937 2516 2946 2506 2935 2412 2842 2514 2943 2505 2936 2506 2935 2513 2944 2508 2938 2509 2939 2500 2930 2497 2928 2507 2937 2499 2929 2507 2937 2515 2945 2516 2946 2517 2947 2509 2939 2508 2938 2502 2932 2512 2942 2494 2924 2518 2948 2511 2941 2519 2949 2518 2948 2510 2940 2511 2941 2413 2843 2414 2844 2504 2934 2512 2942 2502 2932 2520 2950 2514 2943 2522 2951 2521 2952 2512 2942 2520 2950 2355 2784 2355 2784 2353 2783 2413 2843 2523 2953 2513 2944 2521 2952 2362 2793 2514 2943 2412 2842 2361 2791 2353 2783 2363 2792 2516 2946 2515 2945 2524 2954 2514 2943 2362 2793 2522 2951 2513 2944 2514 2943 2521 2952 2516 2946 2517 2947 2508 2938 2505 2936 2515 2945 2507 2937 2515 2945 2523 2953 2524 2954 2525 2955 2517 2947 2516 2946 2510 2940 2520 2950 2502 2932 2526 2956 2519 2949 2527 2957 2526 2956 2518 2948 2519 2949 2355 2784 2413 2843 2512 2942 2520 2950 2510 2940 2528 2958 2522 2951 2530 2959 2529 2960 2520 2950 2528 2958 2416 2846 2416 2846 2354 2785 2355 2784 2531 2961 2521 2952 2529 2960 2363 2792 2522 2951 2362 2793 2353 2783 2354 2785 2415 2845 2524 2954 2523 2953 2532 2962 2522 2951 2363 2792 2530 2959 2521 2952 2522 2951 2529 2960 2524 2954 2525 2955 2516 2946 2513 2944 2523 2953 2515 2945 2523 2953 2531 2961 2532 2962 2533 2963 2525 2955 2524 2954 2518 2948 2528 2958 2510 2940 2534 2964 2526 2956 2527 2957 2534 2964 2535 2965 2526 2956 2416 2846 2355 2784 2520 2950 2528 2958 2518 2948 2536 2966 2530 2959 2538 2967 2537 2968 2528 2958 2536 2966 2407 2837 2407 2837 2358 2787 2416 2846 2539 2969 2529 2960 2537 2968 2415 2845 2530 2959 2363 2792 2354 2785 2358 2787 2356 2786 2532 2962 2531 2961 2540 2970 2530 2959 2415 2845 2538 2967 2529 2960 2530 2959 2537 2968 2532 2962 2533 2963 2524 2954 2521 2952 2531 2961 2523 2953 2531 2961 2539 2969 2540 2970 2541 2971 2533 2963 2532 2962 2526 2956 2536 2966 2518 2948 2542 2972 2535 2965 2534 2964 2542 2972 2543 2973 2535 2965 2407 2837 2416 2846 2528 2958 2536 2966 2526 2956 2544 2974 2538 2967 2546 2975 2545 2976 2536 2966 2544 2974 2348 2779 2348 2779 2349 2778 2407 2837 2547 2977 2537 2968 2545 2976 2356 2786 2538 2967 2415 2845 2358 2787 2349 2778 2357 2788 2540 2970 2539 2969 2548 2978 2538 2967 2356 2786 2546 2975 2537 2968 2538 2967 2545 2976 2540 2970 2541 2971 2532 2962 2529 2960 2539 2969 2531 2961 2539 2969 2547 2977 2548 2978 2549 2979 2541 2971 2540 2970 2535 2965 2544 2974 2526 2956 2550 2980 2543 2973 2542 2972 2550 2980 2551 2981 2543 2973 2348 2779 2407 2837 2536 2966 2544 2974 2535 2965 2552 2982 2546 2975 2554 2983 2553 2984 2544 2974 2552 2982 2419 2849 2419 2849 2347 2777 2348 2779 2555 2985 2545 2976 2553 2984 2357 2788 2546 2975 2356 2786 2349 2778 2347 2777 2417 2847 2548 2978 2547 2977 2556 2986 2546 2975 2357 2788 2554 2983 2545 2976 2546 2975 2553 2984 2548 2978 2549 2979 2540 2970 2537 2968 2547 2977 2539 2969 2547 2977 2555 2985 2556 2986 2557 2987 2549 2979 2548 2978 2543 2973 2552 2982 2535 2965 2558 2988 2551 2981 2550 2980 2558 2988 2559 2989 2551 2981 2419 2849 2348 2779 2544 2974 2552 2982 2543 2973 2560 2990 2554 2983 2562 2991 2561 2992 2552 2982 2560 2990 2418 2848 2418 2848 2351 2782 2419 2849 2563 2993 2553 2984 2561 2992 2417 2847 2554 2983 2357 2788 2347 2777 2351 2782 2352 2781 2556 2986 2555 2985 2564 2994 2554 2983 2417 2847 2562 2991 2553 2984 2554 2983 2561 2992 2556 2986 2557 2987 2548 2978 2545 2976 2555 2985 2547 2977 2555 2985 2563 2993 2564 2994 2565 2995 2557 2987 2556 2986 2551 2981 2560 2990 2543 2973 2566 2996 2559 2989 2558 2988 2566 2996 2567 2997 2559 2989 2418 2848 2419 2849 2552 2982 2560 2990 2551 2981 2568 2998 2562 2991 2570 2999 2569 3000 2560 2990 2568 2998 2346 2776 2346 2776 2345 2775 2418 2848 2571 3001 2561 2992 2569 3000 2352 2781 2562 2991 2417 2847 2351 2782 2345 2775 2350 2780 2564 2994 2563 2993 2572 3002 2562 2991 2352 2781 2570 2999 2561 2992 2562 2991 2569 3000 2564 2994 2565 2995 2556 2986 2553 2984 2563 2993 2555 2985 2563 2993 2571 3001 2572 3002 2573 3003 2565 2995 2564 2994 2559 2989 2568 2998 2551 2981 2574 3004 2567 2997 2566 2996 2574 3004 2575 3005 2567 2997 2346 2776 2418 2848 2560 2990 2568 2998 2559 2989 2576 3006 2570 2999 2578 3007 2577 3008 2576 3006 2420 2850 2568 2998 2420 2850 2286 2717 2346 2776 2579 3009 2569 3000 2577 3008 2350 2780 2570 2999 2352 2781 2345 2775 2286 2717 2287 2716 2572 3002 2571 3001 2580 3010 2570 2999 2350 2780 2578 3007 2569 3000 2570 2999 2577 3008 2572 3002 2573 3003 2564 2994 2561 2992 2571 3001 2563 2993 2571 3001 2579 3009 2580 3010 2581 3011 2573 3003 2572 3002 2567 2997 2576 3006 2559 2989 2582 3012 2575 3005 2574 3004 2582 3012 2583 3013 2575 3005 2420 2850 2346 2776 2568 2998 2576 3006 2567 2997 2584 3014 2578 3007 2586 3015 2585 3016 2584 3014 2344 2774 2576 3006 2344 2774 2343 2773 2420 2850 2587 3017 2577 3008 2585 3016 2287 2716 2578 3007 2350 2780 2286 2717 2343 2773 2285 2715 2580 3010 2579 3009 2588 3018 2578 3007 2287 2716 2586 3015 2577 3008 2578 3007 2585 3016 2580 3010 2581 3011 2572 3002 2569 3000 2579 3009 2571 3001 2579 3009 2587 3017 2588 3018 2589 3019 2581 3011 2580 3010 2575 3005 2584 3014 2567 2997 2590 3020 2583 3013 2582 3012 2590 3020 2591 3021 2583 3013 2344 2774 2420 2850 2576 3006 2584 3014 2575 3005 2592 3022 2586 3015 2594 3023 2593 3024 2592 3022 2342 2772 2584 3014 2342 2772 2341 2771 2344 2774 2595 3025 2585 3016 2593 3024 2285 2715 2586 3015 2287 2716 2343 2773 2341 2771 2340 2770 2588 3018 2587 3017 2596 3026 2586 3015 2285 2715 2594 3023 2585 3016 2586 3015 2593 3024 2588 3018 2589 3019 2580 3010 2577 3008 2587 3017 2579 3009 2587 3017 2595 3025 2596 3026 2597 3027 2589 3019 2588 3018 2583 3013 2592 3022 2575 3005 2598 3028 2591 3021 2590 3020 2598 3028 2599 3029 2591 3021 2342 2772 2344 2774 2584 3014 2592 3022 2583 3013 2600 3030 2594 3023 2602 3031 2601 3032 2592 3022 2600 3030 2339 2769 2339 2769 2337 2767 2342 2772 2603 3033 2593 3024 2601 3032 2340 2770 2594 3023 2285 2715 2341 2771 2337 2767 2338 2768 2596 3026 2595 3025 2604 3034 2594 3023 2340 2770 2602 3031 2593 3024 2594 3023 2601 3032 2596 3026 2597 3027 2588 3018 2585 3016 2595 3025 2587 3017 2595 3025 2603 3033 2604 3034 2605 3035 2597 3027 2596 3026 2591 3021 2600 3030 2583 3013 2606 3036 2599 3029 2598 3028 2606 3036 2607 3037 2599 3029 2339 2769 2342 2772 2592 3022 2600 3030 2591 3021 2608 3038 2602 3031 2610 3039 2609 3040 2600 3030 2608 3038 2336 2766 2336 2766 2334 2765 2339 2769 2611 3041 2601 3032 2609 3040 2338 2768 2602 3031 2340 2770 2337 2767 2334 2765 2335 2764 2604 3034 2603 3033 2612 3042 2602 3031 2338 2768 2610 3039 2601 3032 2602 3031 2609 3040 2604 3034 2605 3035 2596 3026 2593 3024 2603 3033 2595 3025 2603 3033 2611 3041 2612 3042 2613 3043 2605 3035 2604 3034 2599 3029 2608 3038 2591 3021 2614 3044 2607 3037 2606 3036 2614 3044 2615 3045 2607 3037 2336 2766 2339 2769 2600 3030 2608 3038 2599 3029 2616 3046 2610 3039 2618 3047 2617 3048 2608 3038 2616 3046 2333 2763 2333 2763 2332 2762 2336 2766 2619 3049 2609 3040 2617 3048 2335 2764 2610 3039 2338 2768 2334 2765 2332 2762 2331 2761 2612 3042 2611 3041 2620 3050 2610 3039 2335 2764 2618 3047 2609 3040 2610 3039 2617 3048 2612 3042 2613 3043 2604 3034 2601 3032 2611 3041 2603 3033 2611 3041 2619 3049 2620 3050 2621 3051 2613 3043 2612 3042 2607 3037 2616 3046 2599 3029 2622 3052 2615 3045 2614 3044 2622 3052 2623 3053 2615 3045 2333 2763 2336 2766 2608 3038 2616 3046 2607 3037 2624 3054 2618 3047 2626 3055 2625 3056 2616 3046 2624 3054 2329 2759 2329 2759 2328 2758 2333 2763 2627 3057 2617 3048 2625 3056 2331 2761 2618 3047 2335 2764 2332 2762 2328 2758 2330 2760 2620 3050 2619 3049 2628 3058 2618 3047 2331 2761 2626 3055 2617 3048 2618 3047 2625 3056 2620 3050 2621 3051 2612 3042 2609 3040 2619 3049 2611 3041 2619 3049 2627 3057 2628 3058 2629 3059 2621 3051 2620 3050 2615 3045 2624 3054 2607 3037 2630 3060 2623 3053 2622 3052 2630 3060 2631 3061 2623 3053 2329 2759 2333 2763 2616 3046 2624 3054 2615 3045 2632 3062 2626 3055 2634 3063 2633 3064 2624 3054 2632 3062 2381 2811 2381 2811 2326 2757 2329 2759 2635 3065 2625 3056 2633 3064 2330 2760 2626 3055 2331 2761 2328 2758 2326 2757 2327 2756 2628 3058 2627 3057 2636 3066 2626 3055 2330 2760 2634 3063 2625 3056 2626 3055 2633 3064 2628 3058 2629 3059 2620 3050 2617 3048 2627 3057 2619 3049 2627 3057 2635 3065 2636 3066 2637 3067 2629 3059 2628 3058 2623 3053 2632 3062 2615 3045 2638 3068 2631 3061 2630 3060 2638 3068 2639 3069 2631 3061 2381 2811 2329 2759 2624 3054 2632 3062 2623 3053 2640 3070 2634 3063 2281 2710 2641 3071 2288 2719 2632 3062 2640 3070 2289 2718 2381 2811 2288 2719 2642 3072 2633 3064 2641 3071 2327 2756 2634 3063 2330 2760 2326 2757 2289 2718 2325 2755 2636 3066 2635 3065 2643 3073 2634 3063 2327 2756 2281 2710 2633 3064 2634 3063 2641 3071 2636 3066 2637 3067 2628 3058 2625 3056 2635 3065 2627 3057 2635 3065 2642 3072 2643 3073 2644 3074 2637 3067 2636 3066 2631 3061 2640 3070 2623 3053 2645 3075 2638 3068 2646 3076 2639 3069 2638 3068 2645 3075 2288 2719 2381 2811 2632 3062 2647 3077 2640 3070 2631 3061 2318 2747 2325 2755 2289 2718 2284 2713 2640 3070 2647 3077 2284 2713 2282 2712 2288 2719 2648 3078 2641 3071 2279 2709 2325 2755 2281 2710 2327 2756 2289 2718 2282 2712 2318 2747 2643 3073 2642 3072 2649 3079 2281 2710 2325 2755 2280 2711 2641 3071 2281 2710 2279 2709 2643 3073 2644 3074 2636 3066 2633 3064 2642 3072 2635 3065 2642 3072 2648 3078 2649 3079 2650 3080 2644 3074 2643 3073 2639 3069 2647 3077 2631 3061 2295 2725 2646 3076 2297 2726 2646 3076 2295 2725 2645 3075 2284 2713 2288 2719 2640 3070 2651 3081 2647 3077 2639 3069 2282 2712 2283 2714 2317 2748 2310 2740 2284 2713 2647 3077 2291 2720 2652 3082 2313 2742 2653 3083 2279 2709 2290 2721 2318 2747 2280 2711 2325 2755 2282 2712 2317 2748 2318 2747 2649 3079 2648 3078 2654 3084 2280 2711 2318 2747 2291 2720 2279 2709 2280 2711 2290 2721 2649 3079 2650 3080 2643 3073 2641 3071 2648 3078 2642 3072 2648 3078 2653 3083 2654 3084 2655 3085 2650 3080 2649 3079 2645 3075 2651 3081 2639 3069 2296 2727 2297 2726 2423 2853 2299 2730 2656 3086 2310 2740 2651 3081 2310 2740 2647 3077 2651 3081 2645 3075 2657 3087 2656 3086 2658 3088 2283 2714 2299 2730 2310 2740 2651 3081 2658 3088 2652 3082 2317 2748 2283 2714 2310 2740 2656 3086 2659 3089 2290 2721 2313 2742 2317 2748 2283 2714 2658 3088 2654 3084 2653 3083 2660 3090 2291 2720 2317 2748 2652 3082 2290 2721 2291 2720 2313 2742 2654 3084 2655 3085 2649 3079 2279 2709 2653 3083 2648 3078 2653 3083 2659 3089 2660 3090 2661 3091 2655 3085 2654 3084 2295 2725 2657 3087 2645 3075 2302 2733 2423 2853 2662 3092 2663 3093 2656 3086 2300 2729 2657 3087 2299 2730 2651 3081 2664 3094 2657 3087 2295 2725 2665 3095 2658 3088 2663 3093 2298 2728 2299 2730 2657 3087 2312 2743 2652 3082 2665 3095 2300 2729 2656 3086 2299 2730 2666 3096 2319 2749 2320 2750 2663 3093 2658 3088 2656 3086 2660 3090 2659 3089 2321 2751 2658 3088 2665 3095 2652 3082 2313 2742 2652 3082 2312 2743 2660 3090 2661 3091 2654 3084 2290 2721 2659 3089 2653 3083 2659 3089 2311 2741 2321 2751 2667 3097 2661 3091 2660 3090 2296 2727 2664 3094 2295 2725 2662 3092 2668 3098 2301 2731 2298 2728 2670 3099 2669 3100 2664 3094 2298 2728 2657 3087 2296 2727 2671 3101 2664 3094 2300 2729 2669 3100 2672 3102 2664 3094 2670 3099 2298 2728 2663 3093 2672 3102 2673 3103 2298 2728 2669 3100 2300 2729 2665 3095 2673 3103 2320 2750 2300 2729 2672 3102 2663 3093 2312 2743 2320 2750 2315 2746 2665 3095 2663 3093 2673 3103 2312 2743 2665 3095 2320 2750 2321 2751 2667 3097 2660 3090 2313 2742 2311 2741 2659 3089 2311 2741 2315 2746 2316 2745 2674 3104 2667 3097 2321 2751 2302 2733 2671 3101 2296 2727 2675 3105 2676 3106 2303 2732 2676 3106 2670 3099 2671 3101 2671 3101 2670 3099 2664 3094 2671 3101 2303 2732 2676 3106 2677 3107 2669 3100 2670 3099 2670 3099 2676 3106 2677 3107 2678 3108 2672 3102 2669 3100 2669 3100 2677 3107 2678 3108 2679 3109 2673 3103 2672 3102 2672 3102 2678 3108 2679 3109 2666 3096 2320 2750 2673 3103 2673 3103 2679 3109 2666 3096 2322 2752 2314 2744 2324 2753 2316 2745 2674 3104 2321 2751 2312 2743 2315 2746 2311 2741 2315 2746 2319 2749 2314 2744 2680 3110 2674 3104 2316 2745 2662 3092 2301 2731 2302 2733 2304 2734 2668 3098 2307 2736 2677 3107 2676 3106 2681 3111 2302 2733 2303 2732 2671 3101 2303 2732 2305 2735 2675 3105 2678 3108 2677 3107 2682 3112 2676 3106 2675 3105 2681 3111 2679 3109 2678 3108 2683 3113 2677 3107 2681 3111 2682 3112 2666 3096 2679 3109 2684 3114 2678 3108 2682 3112 2683 3113 2319 2749 2666 3096 2685 3115 2679 3109 2683 3113 2684 3114 2314 2744 2319 2749 2324 2753 2684 3114 2685 3115 2666 3096 2314 2744 2680 3110 2316 2745 2319 2749 2685 3115 2324 2753 2322 2752 2680 3110 2314 2744 2668 3098 2304 2734 2301 2731 2301 2731 2305 2735 2303 2732 2309 2739 2385 2815 2305 2735 2304 2734 2309 2739 2305 2735 2385 2815 2387 2817 2675 3105 2305 2735 2385 2815 2675 3105 2387 2817 2393 2823 2681 3111 2675 3105 2387 2817 2681 3111 2393 2823 2392 2821 2682 3112 2681 3111 2393 2823 2682 3112 2392 2821 2394 2825 2683 3113 2682 3112 2392 2821 2683 3113 2394 2825 2396 2826 2684 3114 2683 3113 2394 2825 2684 3114 2396 2826 2397 2828 2685 3115 2684 3114 2396 2826 2685 3115 2323 2754 2324 2753 2397 2828 2685 3115 2397 2828 2324 2753</p>
        </triangles>
      </mesh>
    </geometry>
  </library_geometries>
  <library_visual_scenes>
    <visual_scene id="Scene" name="Scene">
      <node id="zed2_camera_001" name="zed2_camera.001" type="NODE">
        <matrix sid="transform">1 0 0 0 0 1 0 0 0 0 0.9999998 0 0 0 0 1</matrix>
        <instance_geometry url="#ID5_002-mesh" name="zed2_camera.001">
          <bind_material>
            <technique_common>
              <instance_material symbol="ID11_001-material" target="#ID11_001-material"/>
            </technique_common>
          </bind_material>
        </instance_geometry>
      </node>
    </visual_scene>
  </library_visual_scenes>
  <scene>
    <instance_visual_scene url="#Scene"/>
  </scene>
</COLLADA>